 Unlink Payment on Cancellation of Employee Advance, Prekini vezu plaćanja prilikom otkazivanja predujma personala,
<b>Example:</b> SAL-{first_name}-{date_of_birth.year} <br>This will generate a password like SAL-Jane-1972,<b>Primjer:</b> SAL-{first_name}-{date_of_birth.year} <br>Ovo će generisati lozinku poput SAL-Jane-1972,
"<h3>Help</h3>

<p>Notes:</p>

<ol>
<li>Use field <code>base</code> for using base salary of the Employee</li>
<li>Use Salary Component abbreviations in conditions and formulas. <code>BS = Basic Salary</code></li>
<li>Use field name for employee details in conditions and formulas. <code>Employment Type = employment_type</code><code>Branch = branch</code></li>
<li>Use field name from Salary Slip in conditions and formulas. <code>Payment Days = payment_days</code><code>Leave without pay = leave_without_pay</code></li>
<li>Direct Amount can also be entered based on Condition. See example 3</li></ol>

<h4>Examples</h4>
<ol>
<li>Calculating Basic Salary based on <code>base</code>
<pre><code>Condition: base &lt; 10000</code></pre>
<pre><code>Formula: base * .2</code></pre></li>
<li>Calculating HRA based on Basic Salary<code>BS</code> 
<pre><code>Condition: BS &gt; 2000</code></pre>
<pre><code>Formula: BS * .1</code></pre></li>
<li>Calculating TDS based on Employment Type<code>employment_type</code> 
<pre><code>Condition: employment_type==""Intern""</code></pre>
<pre><code>Amount: 1000</code></pre></li>
</ol>","<h3>Pomoć</h3>

<p>Napomene:</p>

<ol>
<li>Koristi polje <code>base</code> za korištenje osnovne plate personala</li>
<li>Koristi kratice komponente plate u uslovima i formulama. <code>BS = Basic Salary</code></li>
<li>Koristi naziv polja za detalje o personalu u uslovima i formulama. <code>Employment Type = employment_type</code><code>Branch = branch</code></li>
<li>Koristi naziv polja iz Plate u uvjetima i formulama. <code>Payment Days = payment_days</code><code>Leave without pay = leave_without_pay</code></li>
<li>Direktan iznos se također može unijeti na osnovu stanja. Vidi primjer 3</li></ol>

<h4>Primjeri</h4>
<ol>
<li>Obračun osnovne plate na osnovu <code>base</code>
<pre><code>Condition: base &lt; 10000</code></pre>
<pre><code>Formula: base * .2</code></pre></li>
<li>HRA Obračun na osnovu osnovne plate<code>BS</code>
<pre><code>Condition: BS &gt; 2000</code></pre>
<pre><code>Formula: BS * .1</code></pre></li>
<li>TDS Obračun na osnovu tipa zaposlenja<code>employment_type</code>
<pre><code>Condition: employment_type==""Intern""</code></pre>
<pre><code>Amount: 1000</code></pre></li>
</ol>",
"<h4>Condition Examples</h4>
<ol>
<li>Applying tax if employee born between 31-12-1937 and 01-01-1958 (Employees aged 60 to 80)<br>
<code>Condition: date_of_birth&gt;date(1937, 12, 31) and date_of_birth&lt;date(1958, 01, 01)</code></li><br><li>Applying tax by employee gender<br>
<code>Condition: gender==""Male""</code></li><br>
<li>Applying tax by Salary Component<br>
<code>Condition: base &gt; 10000</code></li></ol>","<h4>Primjeri Uvjeta</h4>
<ol>
<li>Primjena poreza ako je personal rođen između 31-12-1937 i 01-01-1958 (Personal u dobi od 60 do 80)<br>
<code>Condition: date_of_birth&gt;date(1937, 12, 31) and date_of_birth&lt;date(1958, 01, 01)</code></li><br><li>Primjena poreza prema spolu personala<br>
<code>Condition: gender==""Male""</code></li><br>
<li>Primjena poreza prema komponenti plaće<br>
<code>Condition: base &gt; 10000</code></li></ol>",
<h5>Employees on Half Day</h5>,<h5>Poludnevni Personal</h5>,
<h5>Unmarked Employees</h5>,<h5>Neobilježeni Personal</h5>,
<hr>,<hr>,
Abbr,Skr,
About,O,
Absent,Odsutan,
Absent Days,Dani Odsutnosti,
Academics User,Akademski korisnik,
Accepted,Prihvaćeno,
Account,Račun,
Account Head,Račun,
Accounting,Knjigovodstvo,
Accounting & Payment,Knjigovodstvo & Plaćanje,
Accounting Details,Računovodstveni detalji,
Accounting Dimensions,Knjigovodstvene Dimenzije,
Accounts,Knjigovodstvo,
Action,Radnja,
Active,Aktivan,
Activities,Aktivnosti,
Activity Name,Naziv Aktivnosti,
Actual Amount,Stvarni Iznos,
Actual Cost,Stvarni Trošak,
Actual Encashable Days,Stvarni Unovčivi Dani,
Add Day-wise Dates,Dodaj dane u Sedmici,
Add unused leaves from previous allocations,Dodaj neiskorištene praznike iz prethodnih dodjela,
Add unused leaves from previous leave period's allocation to this allocation,Dodaj neiskorištene praznike iz dodjela prethodnog perioda praznika u ovu dodjelu,
Added On,Dodato,
Additional Amount,Dodatni Iznos,
Additional Information ,Dodatne Informacije ,
Additional Salary,Dodatna Plata,
Additional Salary ,Dodatna Plata ,
Address of Organizer,Adresa Organizatora,
Advance,Predujam,
Advance Account,Račun Predujma,
Advance Amount,Iznos Predujma,
Advance Paid,Predujam Plaćen,
Advance Payment,Predujamska Plaćanja,
Advance Payments,Predujamska Plaćanja,
Advanced Filters,Napredni Filteri,
Advances,Predujam,
All,Sve,
Allocate Based On Leave Policy,Dodijeli na osnovu Pravila Odsustva,
Allocate on Day,Dodijeli na Dan,
Allocated Amount,Dodjeljeni Iznos,
Allocation,Alokacija,
Allow Employee Checkin from Mobile App,Dozvoli prijavu personala sa mobilne aplikacije,
Allow Encashment,Dozvoli Naplatu,
Allow Geolocation Tracking,Dozvoli Praćenje Geolokacije,
Allow Leave Application After (Working Days),Dozvoli Zahtjev za Odsustvo Nakon (Radnih Dana),
Allow Multiple Shift Assignments for Same Date,Dozvoli Dodjelu Više Smjena za Isti Datum,
Allow Negative Balance,Dozvoli Negativno Stanje,
Allow Over Allocation,Dozvoli Prekomjernu Dodjelu,
Allow Tax Exemption,Dozvoli Izuzeće od Poreza,
Allow User,Dozvoli Korisnika,
Allow Users,Dozvoli Korisnike,
Allow check-out after shift end time (in minutes),Dozvoli odjavu nakon završetka smjene (u minutama),
Allow the following users to approve Leave Applications for block days.,Dozvoli sljedećim korisnicima da odobre Zahtjev Odsustva za blokirane dane.,
Allows allocating more leaves than the number of days in the allocation period.,Omogućava dodjelu više odsustva od broja dana u periodu dodjele.,
Alternating entries as IN and OUT during the same shift,Naizmjenični unosi kao PRIJAVA i ODJAVA tokom iste smjene,
Amended From,Izmijenjeno od,
Amount,Iznos,
Amount based on formula,Iznos na osnovu Formule,
Amount claimed via Expense Claim,Iznos Potraživanja putem Potraživanja Troškova,
Amount of expense,Iznos Troškova,
Amount paid against this encashment,Iznos plaćen na ime ove naplate,
Amount scheduled for deduction via salary,Iznos planiran za odbitak preko plate,
Amount that has been paid against this advance,Iznos koji je plaćen na ime ovog predujma,
Annual Allocation,Godišnja Dodjela,
Annual Taxable Amount,Godišnji Iznos Oporezivanja,
Any other details,Bilo koji drugi detalji,
"Any other remarks, noteworthy effort that should go in the records","Bilo koja druga primjedba, vrijedan truda koji bi trebao ući u zapisnik",
Applicable Earnings Component,Primjenjiva Komponenta Zarade,
Applicable For,Primjenjivo za,
Applicable in the case of Employee Onboarding,Primjenjivo u slučaju Introdukcije Personala,
Applicant Email Address,Adresa e-pošte podnosioca zahtjeva,
Applicant Name,Ime Kandidata,
Applicant Rating,Ocjena Kandidata,
Applicant for a Job,Kandidat za Posao,
Applies to Company,Odnosi se na Kompaniju,
Apply / Approve Leaves,Primijeni / Odobri Praznike,
Appointment Date,Datum Imenovanja,
Appointment Letter,Pismo Imenovanja,
Appointment Letter Template,Šablon Pisma Imenovanja,
Appointment Letter content,Sadržaj pisma o Imenovanju,
Appraisal,Procjena,
Appraisal Cycle,Ciklus Procjene,
Appraisal Goal,Cilj Procjene,
Appraisal KRA,Procjena Ključnih Rezultata Područja,
Appraisal Linking,Povezivanje Procjene,
Appraisal Overview,Pregled Procjene,
Appraisal Template,Šablon Procjene,
Appraisal Template Goal,Cilj Šablona Procjene,
Appraisal Template Title,Naziv Šablona Procjene,
Appraisee,Ocjenitelj,
Approval,Odobrenje,
Approval Status,Status Odobrenja,
Approve,Odobri,
Approved,Odobreno,
Approver,Odobravač,
Apps,Aplikacije,
Archived,Arhivirano,
Arrival Datetime,Datum i Vrijeme Dolaska,
Asset Name,Naziv Imovine,
Assets Allocated,Dodijeljena Imovina,
Assign Shift,Dodijeli Smjenu,
Assign Shift Schedule,Dodijelite Raspored Smjena,
Assignment based on,Dodjela na osnovu,
Associated Document,Povezani Dokument,
Associated Document Type,Povezani Tip Dokumenta,
Attach Proof,Priložiti Dokaz,
Attachments,Prilozi,
Attendance,Prisustvo,
Attendance Date,Datum Prisustva,
Attendance From Date,Prisustvo od Datuma,
Attendance Marked,Prisustvo Obilježeno,
Attendance Request,Zahtjev za Prisustvo,
Attendance Settings,Postavke Prisustva,
Attendance To Date,Prisustvo do Datuma,
Attendance will be marked automatically only after this date.,Prisustvo će se automatski navesti tek nakon ovog datuma.,
Attendees,Učesnici,
Auto Attendance Settings,Postavke Automatskog Prisustva,
Auto Leave Encashment,Automatska Naplata Odsustva,
Automated Based on Goal Progress,Automatizirano na osnovu Napretka Cilja,
"Automatically fetches all assets allocated to the employee, if any","Automatski preuzima svu imovinu koja je dodijeljena personalu, ako postoji",
Automatically update Last Sync of Checkin,Automatski ažuriraj Zadnju Prijavu,
Available Leave(s),Dostupno Odsustvo,
Average Feedback Score,Prosječna Ocjena Povratnih Informacija,
Average Rating,Prosječna Ocjena,
"Average of Goal Score, Feedback Score, and Self Appraisal Score (out of 5)","Prosjek Rezultata Cilja, Rezultata Povratnih Informacija i Rezultata Ocjenjivanja (od 5)",
Awaiting Response,Čeka se Odgovor,
Bank Account,Bankovni Račun,
Bank Account No,Broj Bankovnog Računa,
Bank Details,Bankovni Detalji,
Bank Name,Naziv Banke,
Bank Remittance,Bankarska Doznaka,
Base,Baza,
Base & Variable,Baza & Varijabla,
Begin On (Days),Počinje za (Dana),
Begin check-in before shift start time (in minutes),Započni prijavu prije početka smjene (u minutama),
Beginner,Početnik,
Benefits,Beneficije,
Bimonthly,Dvomjesečno,
Birthdays,Rođendani,
Block Date,Blokiraj Datum,
Block Days,Blokiraj Dane,
Block Holidays on important days.,Blokiraj Praznike na važne dane.,
Blue,Plavo,
Body,Sadržaj,
Bonus,Bonus,
Bonus Amount,Iznos Bonusa,
Bonus Payment Date,Datum Uplate Bonusa,
Branch,Filijala,
Bulk Salary Structure Assignment,Masovna Dodjela Strukture Plata,
"By default, the Final Score is calculated as the average of Goal Score, Feedback Score, and Self Appraisal Score. Enable this to set a different formula","Prema standard postavkama, Konačni Rezultat izračunava se kao prosjek Rezultata Cilja, Rezultata Povratnih Informacija i Rezultata Samoocjenjivanja. Omogućite ovo za postavljanje druge formule",
CTC,Godišnja Plata,
Calculate Final Score based on Formula,Izračunaj Konačni Rezultat na osnovu formule,
Calculate Gratuity Amount Based On,Izračunaj Iznos Nagrade na osnovu,
Calculate Payroll Working Days Based On,Obračunaj Radne Dane Obračuna Plata na osnovu,
Calculated in days,Proračun (u danima),
Cancelled,Otkazano,
Carry Forward,Prenesi Naprijed,
Carry Forwarded Leaves,Proslijeđeno Odsustvo,
Cause of Grievance,Uzrok Pritužbe,
Change,Promjeni,
Check Vacancies On Job Offer Creation,Provjeri Slobodna Radna Mjesta kod kreiranja Ponude za Posao,
Check-in Date,Datum Prijave,
Check-out Date,Datum Odjave,
Checkin Radius,Polumjer Prijave,
Claim Benefit For,Zahtjevaj Beneficiju za,
Claim Date,Datum Zahtjeva,
Claimed,Zatraženo,
Claimed Amount,Zahtjevani Iznos,
Clearance Date,Datum Knjiženja,
Cleared,Obrađeno,
Closed,Zatvoreno,
Closed On,Zatvoreno,
Closes On,Zatvara se,
Closing Notes,Završne Napomene,
Color,Boja,
Comments,Komentari,
Company,Kompanija,
Company Details,Detalji Kompanije,
Compensatory Leave Request,Zahtjev Kompenzacijskog Odsustva,
Completed,Završeno,
Completed On,Završeno,
Component,Komponenta,
Component properties and references ,Svojstva komponente i reference ,
Condition,Uslov,
Condition & Formula,Uslov & Formula,
Condition and formula,Uslov & Formula,
Conditions,Uslovi,
Conditions and Formula variable and example,Uvjeti i Varijabla Formule i primjer,
Conference,Konferencija,
Connections,Veze,
Consider Marked Attendance on Holidays,Uzmi u obzir obilježeno prisustvo ya vrijeme praznika,
Consider Unmarked Attendance As,Uzmi u obzir neoznačeno Prisustvo kao,
Contact Email,Kontakt e-pošta,
Contact No.,Kontakt Broj,
Contact Number,Kontakt Broj,
Copy of Invitation/Announcement,Kopija Poziva/Objave,
Cost,Trošak,
Cost Center,Centar Troškova,
Cost Centers,Troškovni Centri,
Costing,Troškovi,
Costing Details,Detalji Troškova,
Country,Država,
Course,Kurs,
Cover Letter,Propratno Pismo,
Create New Employee Id,Kreirajte novi ID za Personal,
Create Separate Payment Entry Against Benefit Claim,Kreiraj Poseban unos Plaćanja naspram Zahtjeva za Beneficije,
Create Shifts After,Kreiraj Smjene nakon,
Criteria,Kriterijumi,
Criteria based on which employee should be rated in Performance Feedback and Self Appraisal,Kriterijum na osnovu kojeg personal treba procijeniti u Povratnim Informacijama Efektivitetai Samoprocjene,
Currency,Valuta,
Currency ,Valuta ,
Current,Trentuno,
Current CTC,Trenutna Godišnja Plata,
Current Count,Trenutni Broj,
Current Employer ,Trenutni Poslodavac ,
Current Job Title,Trenutna Profesija,
Current Month Income Tax,Tekući Mjesečni Porez na Platu,
Current Odometer value ,Trenutno očitavanje Odometra ,
Current Openings,Trenutne Ponude Posla,
Current Slab,Trenutna Tabela,
Current Work Experience,Trenutno Radno Iskustvo,
Custom Range,Zaseban Raspon,
Cyan,Cijan,
Cycle Name,Naziv Ciklusa,
Cycles,Ciklusi,
Daily,Dnevno,
Daily Work Summary,Dnevni Sažetak Rada,
Daily Work Summary Group,Grupa Dnevnog Sažetka Rada,
Daily Work Summary Group User,Korisnik Grupe Dnevnog Sažetka Rada,
Daily Work Summary Replies,Odgovori Dnevnog Sažetka Rada,
Dashboard,Nadzorna Tabla,
Date,Datum,
Date ,Datum ,
Date of Birth,Datum Rođenja,
Date of Joining,Datum Pridruživanja,
Dates & Reason,Datumi & Razlog,
Dates Based On,Datumi zasnovani na,
Declarations,Deklaracije,
Declared Amount,Deklarisani Iznos,
Deduct Full Tax on Selected Payroll Date,Odbij puni porez na odabrani datum obračuna plata,
Deduct Tax For Unclaimed Employee Benefits,Odbij Porez na Nezatražene Beneficije Personala,
Deduct Tax For Unsubmitted Tax Exemption Proof,Odbij Porez za Nepodneseni Dokaz Izuzeća od Poreza,
Deduction,Odbitak,
Deductions,Odbici,
Deductions before tax calculation,Odbici prije obračuna poreza,
Default Account,Standard Račun,
Default Amount,Standard Iznos,
Default Bank / Cash account will be automatically updated in Salary Journal Entry when this mode is selected.,Standard Bankovni/Gotovinski račun će se automatski ažurirati u Upisu platnog dnevnika kada se izabere ovaj način.,
Default Base Pay,Standard Osnovna Plata,
Default Salary Structure,Standard Struktura Plata,
Deferred Expense Account,Račun Odgođenih Troškova,
Delivery Trip,Dostavna Ruta,
Department,Odjel,
Department Approver,Odobravač Odjela,
Departure Datetime,Datum Polaska,
Depends on Payment Days,Zavisi od Plaćenih Dana,
Description,Opis,
Description of a Job Opening,Opis Otvorenog Radnog Mjesta,
Designation,Pozicija,
Designation Skill,Vještina Imenovanja,
Details,Detalji,
"Details of Sponsor (Name, Location)","Detalji Sponzora (Ime, Lokacija)",
Determine Check-in and Check-out,Prijava i Odjava na osnovu,
Disable,Onemogući,
Disable Rounded Total,Onemogući Ukupno Zaokruženo,
Disabled,Onemogućeno,
Dispensed Amount (Pro-rated),Dodjeljni Iznos (proporcionalno),
Do Not Include in Total,Ne uključuj u Ukupno,
Do not include in total,Ne uključuj u Ukupno,
Domestic,Domaći,
Download Template,Preuzmi Šablon,
Draft,Nacrt,
Duration (Days),Trajanje (Dana),
Early Exit,Rana Odjava,
Early Exit Grace Period,Period Odgode Ranog Izlaza,
Earned Leave,Zarađeni Dopust,
Earned Leave Frequency,Učestalost Zarađenog Odsustva,
Earning,Zarada,
Earning Component,Komponenta Zarade,
Earnings,Zarada,
Earnings & Deductions,Zarada & Odbici,
Effective From,Na snazi od,
Effective To,Na snazi do,
Effective from,Na snazi od,
Email,E-pošta,
Email Address,Adresa e-pošte,
Email ID,ID e-pošte,
Email Salary Slip to Employee,Pošalji Platni List,
Email Sent To,E-pošta Poslana,
Email Template,Šablon e-pošte,
Emails salary slip to employee based on preferred email selected in Employee,Šalje platni List e-poštom zaposleniku na osnovu željene e-pošte odabrane u Postavkama Personala,
Employee,Personal,
Employee Advance,Predujam,
Employee Advance Summary,Sažetak Predujma,
Employee Attendance Tool,Alat Prisustva,
Employee Benefit Application,Zahtjev za Beneficije,
Employee Benefit Application Detail,Detalji Zahtjeva za Beneficije,
Employee Benefit Claim,Potraživanje za Beneficije,
Employee Benefits,Beneficije,
Employee Boarding Activity,Introdukcijske Aktivnosti,
Employee Checkin,Prijava,
Employee Cost Center,Centar Troškova,
Employee Details,Detalji,
Employee Emails,E-pošta,
Employee Exit Settings,Postavke Otkaza,
Employee Exits,Otkazi,
Employee Feedback Criteria,Kriterijumi Povratnih Informacija,
Employee Feedback Rating,Ocjena Povratnih Informacija,
Employee Grade,Kvalifikacija,
Employee Grievance,Žalba,
Employee Health Insurance,Zdravstveno Osiguranje,
Employee Image,Slika,
Employee Incentive,Stimulacija,
Employee Info,Informacija,
Employee Name,Ime,
Employee Naming By,Imenovanje na osnovu,
Employee Number,Broj,
Employee Onboarding,Introdukcija,
Employee Onboarding Template,Šablon Introdukcije,
Employee Other Income,Ostali Prihodi,
Employee Performance Feedback,Povratne informacije Efektiviteta,
Employee Promotion,Unaprijeđenje,
Employee Promotion Details,Detalji Unaprijeđena,
Employee Property History,Istorija Karekteristike Personala,
Employee Referral,Preporuka,
Employee Responsible ,Odgovorni ,
Employee Retained,Zadržan,
Employee Separation,Otkaz,
Employee Separation Template,Šablon Otkaza,
Employee Settings,Postavke Personala,
Employee Skill,Vještina,
Employee Skill Map,Mapa Vještina,
Employee Skills,Vještine,
Employee Tax Exemption Category,Kategorija Izuzeća od Poreza,
Employee Tax Exemption Declaration,Deklaracija Izuzeća od Poreza,
Employee Tax Exemption Declaration Category,Kategorija Deklaracije Izuzeća od Poreza,
Employee Tax Exemption Proof Submission,Podnošenje Dokaza o Izuzeća od Poreza,
Employee Tax Exemption Proof Submission Detail,Detalji Podnošenja Dokaza Izuzeća od Poreza,
Employee Tax Exemption Sub Category,Podkategorija Izuzeća od Poreza,
Employee Training,Obuka,
Employee Transfer,Premještaj,
Employee Transfer Detail,Detalj Premještaja,
Employee Transfer Details,Detalji Premještaja,
Employee name,Ime,
Employee records are created using the selected option,Zapisnik Personala se kreira pomoću odabrane opcije,
Employees,Personal,
Employees HTML,HTML Personala,
Employees on Half Day HTML,Poludnevni Personal HTML,
Employees working on a holiday,Praznični Personal,
Employment Type,Tip Personala,
Enable Auto Attendance,Omogući Automatsko Prisustvo,
Enable Early Exit Marking,Omogući Odbir Rane Odjave,
Enable Late Entry Marking,Omogući Odabir Kasne Prijave,
Enabled,Omogućeno,
Encashment,Unovčavanje,
Encashment Amount,Iznos Naplate,
Encashment Date,Datum Unovčavanja,
Encashment Days,Dani Naplate,
Encrypt Salary Slips in Emails,Šifriraj Platne Liste u e-pošti,
End Date,Datum Završetka,
End Time,Vrijeme Završetka,
Error Message,Poruka o grešci,
Estimated Cost Per Position,Procijenjen Trošak po Poziciji,
Evaluation Date,Datum Evaluacije,
Event Details,Detalji Događaja,
Event Name,Naziv Događaja,
Event Status,Status Događaja,
Every 2 Weeks,Svake dvije Sedmice,
Every 3 Weeks,Svake tri Sedmice,
Every 4 Weeks,Svake četiri Sedmice,
Every Valid Check-in and Check-out,Svaka Valjana Prijava i Odjava,
Every Week,Svake Sedmice,
Exam,Ispit,
Exchange Rate,Devizni Kurs,
Exempted from Income Tax,Oslobođen Poreza na Platu,
Exemption Category,Kategorija Izuzeća,
Exemption Proofs,Dokaz o Izuzeću,
Exemption Sub Category,Podkategorija Izuzeća,
Exit Confirmed,Otkaz je Potvrđen,
Exit Details,Detalji Odlazka,
Exit Interview,Otkazni Intervju,
Exit Interview Summary,Sažetak Otkaznog Intervjua,
Exit Questionnaire,Otkazni Upitnik,
Exit Questionnaire Notification Template,Šablon Obavijesti Otkaznog Upitnika,
Exit Questionnaire Web Form,Web Forma Otkaznog Intervjua,
Expected Average Rating,Očekivana Prosječna Ocjena,
Expected By,Očekuje se,
Expected Compensation,Očekivana Kompenzacija,
Expected Skill Set,Očekivani Skup Vještina,
Expected Skillset,Očekivani Skup Vještina,
Expense,Trošak,
Expense Account,Račun Troškova,
Expense Approver,Odobravatelj Troškova,
Expense Approver Mandatory In Expense Claim,Odobravatelj Troškova je obavezan za Potraživanju Troškova,
Expense Claim,Potraživanje,
Expense Claim Account,Račun Potraživanja Troškova,
Expense Claim Advance,Predujam Potraživanja Troškova,
Expense Claim Detail,Detalji Potraživanja Troškova,
Expense Claim Type,Tip Potraživanja Troškova,
Expense Date,Datum Troška,
Expense Proof,Dokaz Troškova,
Expense Taxes and Charges,Porezi i Naknade Troškova,
Expense Type,Tip Troška,
Expenses,Troškovi,
Expenses & Advances,Troškovi & Predujmovi,
Expire Carry Forwarded Leaves (Days),Istek Proslijeđenog Odsustva (Dana),
Expired,Isteklo,
Expired Leave(s),Isteklo Odsustvo,
Explanation,Objašnjenje,
Failed,Neuspješno,
Failure Details,Detalji o Neuspjehu,
Feedback,Povratne informacije,
Feedback HTML,HTML Povratne Informacije,
Feedback Ratings,Ocjeene Povratnih Informacija,
Feedback Reminder Notification Template,Šablon Obavijesti Podsjetniku Povratnih Informacija,
Feedback Submitted,Povratne Informacije su poslane,
Fetch Geolocation,Preuzmi Geolokaciju,
Field Name,Naziv polja,
Filled,Popunjeno,
Filter Employees,Filtriraj Personal,
Filter List,Filter lista,
Filters,Filteri,
Final Decision,Konačna Odluka,
Final Score,Konačni Rezultat,
Final Score Formula,Formula Konačnog Rezultata,
First Check-in and Last Check-out,Prva Prijava i Zadnja Odjava,
First Day,Prvi Dan,
First Name ,Ime ,
Fleet Manager,Upravitelj Voznog Parka,
Flexible Benefits,Fleksibilne Beneficije,
Flight,Let,
Follow via Email,Prati putem e-pošte,
For Designation ,Za Naziv ,
For Employee,Za,
"For a day of leave taken, if you still pay (say) 50% of the daily salary, then enter 0.50 in this field.","Za dan uzetog odsustva, ako i dalje plaćate (recimo) 50% dnevne plate, unesite 0,50 u ovo polje.",
Formula,Formula,
Fortnightly,Dvosedmično,
Fraction of Applicable Earnings ,Dio Primjenjive Zarade ,
Fraction of Daily Salary for Half Day,Dio Dnevne Plate za pola dana,
Fraction of Daily Salary per Leave,Dio Dnevne Plate po odsustvu,
Frappe Support,Frappe Podrška,
Frequency,Učestalost,
From Amount,Od Iznosa,
From Date,Od Datuma,
From Employee,Od,
From Time,Od Vremena,
From User,Od korisnika,
From(Year),Od (Godina),
Fuchsia,Fuksija,
Fuel Price,Cijena Goriva,
Fuel Qty,Količina Goriva,
Full Name,Puno ime,
Full and Final Asset,Potpuna i Konačna Imovina,
Full and Final Outstanding Statement,Potpuni i Konačni Izvanredni Dogovor,
Full and Final Statement,Potpuni i Konačni Dogovor,
Fully Sponsored,Potpuno Sponzorisano,
Funded Amount,Finansirani Iznos,
Future Income Tax,Budući Porez na Platu,
Geolocation,Geolokacija,
Get Employees,Preuzmi Personal,
Get Job Requisitions,Preuzmi Zahtjeve za Posao,
Get Template,Preuzmi Šablon,
Gluten Free,Bez Glutena,
Goal,Cilj,
Goal Completion (%),Napredak Cilja (%),
Goal Score (%),Rezultat Cilja (%),
Goal Score (weighted),Rezultat Cilja (težinski),
Goals,Ciljevi,
Grade,Ocjena,
Grand Total,Ukupni Iznos,
Gratuity,Nagrada,
Gratuity Applicable Component,Primjenjiva Komponenta Nagrade,
Gratuity Rule,Pravilo Nagrade,
Gratuity Rule Slab,Tabela Pravila Nagrade,
Green,Zeleno,
Grievance Against,Žalba Naspram,
Grievance Against Party,Žalba Naspram Stranke,
Grievance Details,Detalji Žalbe,
Grievance Type,Tip Žalbe,
Gross Pay,Bruto Plata,
Gross Pay (Company Currency),Bruto Plata (Valuta Kompanije),
Gross Year To Date,Bruto Do Danas u Godini,
Gross Year To Date(Company Currency),Bruto Do Danas u Godini (Valuta Kompanije),
HR,Personal,
HR Manager,Personalni Upravitelj,
HR Settings,Postavke Resursa,
HR User,Personalni Korisnik,
Half Day,Pola Dana,
Half Day Date,Poludnevni Datum,
Half Day Marked Employee Header,Poludnevni Personal Zaglavlje,
Half Yearly,Polugodišnje,
Half-Yearly,Polugodišnje,
Has Certificate,Ima Certifikat,
Health Insurance Name,Naziv Zdravstvenog Osiguranja,
Help,Pomoć,
Hiring Settings,Postavke Zapošljavanja,
Hold,Zadrži,
Holiday List,Lista Praznika,
Holiday List for Optional Leave,Lista Praznika za Fakultativni Dopust,
Holidays,Praznici,
Horizontal Break,Horizontalni Prekid,
Hour Rate,Satnica,
Hour Rate (Company Currency),Satnica (Valuta Kompanije),
Hours,Sati,
IN,PRIJAVA,
Identification Document Number,Broj identifikacionog Dokumenta,
Identification Document Type,Tip Identifikacionog Dokumenta,
"If checked, Payroll Payable will be booked against each employee","Ako je navedeno, Obračun Plate će se knjižiti prema personalu",
"If checked, hides and disables Rounded Total field in Salary Slips","Ako je odabrano, skriva i onemogućuje polje Zaokruženi Ukupan Iznos u Platnim Listovima",
"If checked, the full amount will be deducted from taxable income before calculating income tax without any declaration or proof submission.","Ako je navedeno, puni iznos će biti odbijen od oporezivog prihoda prije obračuna poreza na platu bez ikakve deklaracije ili podnošenja dokaza.",
"If enabled, Tax Exemption Declaration will be considered for income tax calculation.","Ako je omogućeno, Deklaracija Izuzeća od Poreza će se uzeti u obzir za obračun poreza na platu.",
"If enabled, auto attendance will be marked on holidays if Employee Checkins exist","Ako je omogućeno, automatsko prisustvo će biti navedeno za praznike ako postoje prijave personala",
"If enabled, deducts payment days for absent attendance on holidays. By default, holidays are considered as paid","Ako je omogućeno, odbija plaćene dane za odsustvo za praznike. Uobičajeno, praznici se smatraju plaćenim",
"If enabled, the component will be considered as a tax component and the amount will be auto-calculated as per the configured income tax slabs","Ako je omogućena, komponenta će se smatrati komponentom poreza i iznos će se automatski obračunati prema konfigurisanim tabelama poreza na platu",
"If enabled, the component will be considered in the Income Tax Deductions report","Ako je omogućena, komponenta će se uzeti u obzir u izvještaju o odbicima poreza na platu",
"If enabled, the component will not be displayed in the salary slip if the amount is zero","Ako je omogućeno, komponenta neće biti prikazana na platnom listu ako je iznos nula",
"If enabled, the total no. of applications received for this opening will be displayed on the website","Ako je omogućeno, ukupan broj zahtjeva pristiglih za ovo radno mjesto bit će prikazane na web stranici",
"If enabled, the value specified or calculated in this component will not contribute to the earnings or deductions. However, it's value can be referenced by other components that can be added or deducted. ","Ako je omogućeno, vrijednost navedena ili obračunata u ovoj komponenti neće doprinijeti zaradi ili odbitcima. Međutim, na njegovu vrijednost mogu se odnositi druge komponente koje se mogu dodati ili oduzeti. ",
"If enabled, total no. of working days will include holidays, and this will reduce the value of Salary Per Day","Ako je omogućeno, ukupan broj radnih dana će uključivati i praznike, a to će smanjiti vrijednost plate po danu",
"If not checked, the list will have to be added to each Department where it has to be applied.","Ako nije označeno, lista će se morati dodati svakom Odjeljenju gdje se mora primijeniti.",
"If selected, the value specified or calculated in this component will not contribute to the earnings or deductions. However, it's value can be referenced by other components that can be added or deducted. ","Ako je odabrana, vrijednost navedena ili obračunata u ovoj komponenti neće doprinijeti zaradama ili odbitcima. Međutim, na njegovu vrijednost mogu se odnositi druge komponente koje se mogu dodati ili oduzeti. ",
"If set, the job opening will be closed automatically after this date","Ako je postavljeno, radno mjesto će se automatski zatvoriti nakon ovog datuma",
Import Attendance,Import Prisustvo,
Import Log,Dnevnik uvoza,
In Process,U Procesu,
In Progress,U toku,
In Time,U Vrijeme,
Inactive,Neaktivan,
Incentive,Poticaj,
Incentive Amount,Iznos Poticaja,
Include Holidays,Uključuje Praznike,
Include holidays in Total no. of Working Days,Uključi praznike u Ukupan broj Radnih Dana,
Include holidays within leaves as leaves,Uključi praznike unutar dopusta kao dopust,
Income Source,Izvor Prihoda,
Income Tax Breakup,Podjela Poreza na Platu,
Income Tax Computation,Obračun Poreza na Platu,
Income Tax Deducted Till Date,Porez na Platu Odbijen do Datuma,
Income Tax Deductions,Odbici Poreza na Platu,
Income Tax Slab,Tabela Poreza na Platu,
Income Tax Slab Other Charges,Tabela Porez na Platu Ostale Naknade,
Income from Other Sources,Prihodi iz Drugih Izvora,
"Indicates the number of leaves that cannot be encashed from the leave balance. E.g. with a leave balance of 10 and 4 Non-Encashable Leaves, you can encash 6, while the remaining 4 can be carried forward or expired","Označava broj odsustva koji se ne mogu naplatiti iz stanja odsustva. Npr. sa stanjem od 10 i 4 odsustva koja se ne mogu naplatiti, možete naplatit 6, dok se preostala 4 mogu prenijeti ili isteći",
Inspection,Kontrola,
Interest,Kamata,
Interest Amount,Iznos Kamate,
Interest Income Account,Račun Prihoda Kamata,
Intermediate,Srednji,
International,Međunarodni,
Internet,Internet,
Interview,Intervju,
Interview Detail,Intevju Detalj,
Interview Details,Intevju Detalji,
Interview Feedback,Povratne Informacije Intervjua,
Interview Reminder Notification Template,Šablon Obavijesti Podsjetnika Intervjua,
Interview Round,Intervju Runda,
Interview Summary,Sažetak Intervjua,
Interview Type,Tip Intervjua,
Interviewer,Intervjuer,
Interviewers,Intervjueri,
Introduction,Uvod,
Invalid,Nevažeći,
Investigated,Istražen,
Investigation Details,Detalji Istrage,
Invited,Pozvani,
Invoice Ref,Referenca Fakture,
Is Active,Aktivan,
Is Applicable for Referral Bonus,Primjenjivo za Preporučeni Bonus,
Is Carry Forward,Prenesi Naprijed,
Is Compensatory,Kompenzacijsko,
Is Default,Standard,
Is Earned Leave,Zarađeno Odsustvo,
Is Expired,Isteklo,
Is Flexible Benefit,Fleksibilna Beneficija,
Is Group,Grupa,
Is Income Tax Component,Komponenta Poreza na Platu,
Is Leave Without Pay,Neplaćeno Odsustvo,
Is Mandatory,Obavezno,
Is Optional Leave,Neobavezno Odsustvo,
Is Paid,Plaćeno,
Is Partially Paid Leave,Djelimično Plaćeno Odsustvo,
Is Recurring,Ponavlja se,
Is Recurring Additional Salary,Ponavljajuća Dodatna Plata,
Is Salary Released,Plata Oslobođena,
Is Salary Withheld,Plata Zadržana,
Is Tax Applicable,Porez Primjenjiv,
Job Applicant,Kandidat za Posao,
Job Applicant Source,Izvor Kandidata za Posao,
Job Application Route,Put Prijave za Posao,
Job Description,Opis Posla,
Job Offer,Ponuda za Posao,
Job Offer Term,Uslov Ponude za Posao,
Job Offer Term Template,Šablon Uslova Ponude za Posao,
Job Offer Terms,Uslovi Ponude za Posao,
Job Opening,Otvoreno Radno Mjesto,
Job Requisition,Zahtjev za Posao,
Job Title,Naziv Posla,
"Job profile, qualifications required etc.","Profil posla, potrebne kvalifikacije itd.",
Joining Date,Datum Pridruživanja,
Journal Entry,Nalog Knjiženja,
KRA,Ključno Polje Efektiviteta,
KRA Evaluation Method,Metoda Vrijednovanja Ključnog Polja Efektiviteta,
KRA vs Goals,Ključno Polje Efektiviteta naspram Ciljeva,
KRAs,Ključno Polje Efektiviteta,
Key Performance Area,Ključno Polje Efektiviteta,
Key Responsibility Area,Ključno Polje Odgovornosti,
Key Result Area,Ključno Polje Rezultata,
Keyboard Shortcuts,Prečice Tastature,
Last Day,Poslednji Dan,
Last Known Successful Sync of Employee Checkin. Reset this only if you are sure that all Logs are synced from all the locations. Please don't modify this if you are unsure.,Posljednja poznata uspješna sinhronizacija prijave personala. Resetirajte ovo samo ako ste sigurni da su svi zapisnici sinkronizirani sa svih lokacija. Nemojte mijenjati ovo ako niste sigurni.,
Last Name,Prezime,
Last Odometer Value ,Zadnja Vrijednost Odometra ,
Last Sync of Checkin,Zadnja Sinhronizacija Prijave,
Late Entry,Kasna Prijava,
Late Entry & Early Exit Settings for Auto Attendance,Postavke Kasne Prijave i Rane Odjave za Automatsko Prisustvo,
Late Entry Grace Period,Period Odgode za Kasnu Prijavu,
Latitude,Geografska Širina,
Leave,Odsustvo,
Leave Allocation,Dodjela Odsustva,
Leave Allocations,Dodjela Odsustva,
Leave Application,Zahtjev Odsustva,
Leave Approval Notification Template,Šablon Obaviještenja Odobrenja Odsustva,
Leave Approver,Odobravatelj Odsustva,
Leave Approver Mandatory In Leave Application,Odobravatelj Odsustva je obavezan u Aplikaciji Odsustva,
Leave Approver Name,Ime Odobravatelja Odsustva,
Leave Balance,Stanje Odsustva,
Leave Balance Before Application,Stanje Osustva prije Zahtjeva,
Leave Block List,Listu Blokiranog Odsustva,
Leave Block List Allow,Dozvoli Listu Blokiranog Odsustva,
Leave Block List Allowed,Dozvoljena Lista Blokiranog Odsustva,
Leave Block List Date,Datum Liste Blokiranog Odsustva,
Leave Block List Dates,Datumi Liste Blokiranog Odsustva,
Leave Block List Name,Naziv Liste Blokiranog Odsustva,
Leave Control Panel,Kontrolni Panel Odsustva,
Leave Details,Detalji Odsustva,
Leave Encashment,Naplata Odsustva,
Leave Encashment Amount Per Day,Iznos Naplaćenog Odsutva po Danu,
Leave Ledger,Registar Odsustva,
Leave Ledger Entry,Unos Registra Odsustva,
Leave Period,Period Odsustva,
Leave Policy,Pravila Odsustva,
Leave Policy Assignment,Dodjela Pravila Odsustva,
Leave Policy Detail,Detalj Pravila Odsustva,
Leave Policy Details,Detalji Pravila Odsustva,
Leave Status Notification Template,Šablon Obavještenja Statusa Odsustva,
Leave Type,Tip Odsustva,
Leave Type Name,Naziv Tipa Odsustva,
Leave Without Pay,Neplaćeno Odsustvo,
Leave and Expense Claim Settings,Postavke Odsustva i Potraživanja Troškova,
Leave(s) Pending Approval,Odsustvo(a) na čekanju za Odobrenje,
Leaves,Odsustvo,
Leaves Allocated,Odsustvo Dodjeljeno,
Left,Lijevo,
Letter Head,Zaglavlje,
Level,Nivo,
License Plate,Registarski Broj,
Lime,Lime,
Link the cycle and tag KRA to your goal to update the appraisal's goal score based on the goal progress,Poveži ciklus i navedi KRA sa ciljem da ažurirate rezultatocjenjivanja na osnovu napretka cilja,
Loan,Kredit,
Loan Account,Kreditni Račun,
Loan Product,Kreditni Proizvod,
Loan Repayment Entry,Upis Otplate Kredita,
Location,Lokacija,
Location / Device ID,Lokacija / ID Uređaja,
Location Name,Naziv Lokacije,
Lodging Required,Potreban Smještaj,
Log Type,Tip,
Log out,Odjava,
Longitude,Geografska Dužina,
Lower Range,Niži Raspon,
Make,Marka,
Manual,Ručno,
Manual Rating,Ručno Procjenjivanje,
Mark Auto Attendance on Holidays,Navedi Automatsko Prisustvo za Praznike,
Mark attendance based on 'Employee Checkin' for Employees assigned to this shift.,Navedi prisustvo na osnovu 'Prijave Personala' za personal koji je dodijeljen ovoj smjeni.,
Marked Attendance,Navedeno Prisustvo,
Marked Attendance HTML,HTML Navedenog Prisustva,
Max Amount Eligible,Maksimalni Prihvatljiv Iznos,
Max Benefit Amount,Maksimalni Iznos Beneficije,
Max Benefit Amount (Yearly),Maksimalni Iznos Beneficije (Godišnje),
Max Benefits (Amount),Maksimalne Beneficije (Iznos),
Max Benefits (Yearly),Maksimalne Beneficije (Godišnje),
Max Exemption Amount,Maksimalni Izuzeti Iznos,
Max Taxable Income,Minmalni Oporezivi Prihod,
Max working hours against Timesheet,Maksimalno radno vrijeme prema Radnom Listu,
Maximum Carry Forwarded Leaves,Maksimalni Broj Proslijeđenog Odsustva,
Maximum Consecutive Leaves Allowed,Maksimalno Dozvoljeno Uzastopno Odsustvo,
Maximum Encashable Leaves,Maksimalan Broj Naplativog Odsustva,
Maximum Exempted Amount,Maksimalni Izuzeti Iznos,
Maximum Exemption Amount,Maksimalni Izuzeti Iznos,
Maximum Leave Allocation Allowed per Leave Period,Maksimalna Dodjela Odsustva po Periodu Odsustva,
Maximum annual taxable income eligible for full tax relief. No tax is applied if income does not exceed this limit,Maksimalni godišnji oporezivi dohodak koji ispunjava uslove za potpuno poresko oslobođenje. Porez se ne primjenjuje ako dohodak ne prelazi ovaj limit,
Meal Preference,Preferenca Obroka,
Message,Poruka,
Mileage,Kilometraža,
Min Taxable Income,Minmalni Oporezivi Prihod,
Minimum Year for Gratuity,Minimalni broj godina za Nagradu,
Minimum working days required since Date of Joining to apply for this leave,Minimalni broj radnih dana obaveznih od datuma pridruživanja da biste mogli da zatražite ovo odsustvo,
Mode Of Payment,Način Plaćanja,
Mode of Payment,Način Plaćanja,
Mode of Travel,Način Putovanja,
Model,Model,
Month,Mjesec,
Month To Date,Mjesec do Danas,
Month To Date(Company Currency),Mjesec do Danas (Valuta Kompanije),
Monthly,Mjesečno,
Monthly Attendance Sheet,Mjesečna Lista Prisustva,
More Info,Više Informacija,
Name,Naziv,
Name of Organizer,Ime Organizatora,
Naming Series,Imenovanje serije,
Net Pay,Neto Plata,
Net Pay (Company Currency),Neto Plata (Valuta Kompanije),
Net Pay Info,Neto Plata,
New,Novi,
New Company,Nova Kompanija,
New Employee ID,Novi ID Personala,
New Leaves Allocated,Novo Dodijeljeno Odsustvo,
New Leaves Allocated (In Days),Novo Dodijeljeno Odsustvo (u danima),
New shift assignments will be created after this date.,Nove dodjele smjene biti će kreirane nakon ovog datuma.,
No,Broj,
No of. Positions,Broj Pozicija,
Non Diary,Nemliječni,
Non Taxable Earnings,Neoporezive Zarade,
Non-Encashable Leaves,Nenaplativo Odsustvo,
Non-Vegetarian,Nevegetarijanski,
Not Started,Nije Započeto,
Note: Shift will not be overwritten in existing attendance records,Napomena: Smjena neće biti prepisana u postojećem zapisu prisutnosti,
Notes,Napomene,
Notify users by email,Obavijesti korisnike putem e-pošte,
Number Of Employees,Broj Personala,
Number Of Positions,Broj Pozicija,
Number of Withholding Cycles,Broj Ciklusa Zadržavanja,
Number of leaves eligible for encashment based on leave type settings,Broj odsustva koji ispunjavaju uslove za naplatu na osnovu postavki tipa odsustva,
OUT,ODJAVA,
Obtained Average Rating,Postignuta Prosječna Ocjena,
Odometer Reading,Očitavanje Odometra,
Off-shift,Izvan Smjene,
Offer Date,Datum Ponude,
Offer Term,Uslov Ponude,
Offer Terms,Uslovi Ponude,
Old Parent,Stari Nadređeni,
On Duty,Na Poslu,
On Hold,Na Čekanju,
On Leave,Na Odsustvu,
Onboarding Activities,Aktivnosti Introdukcije,
Onboarding Begins On,Introdukcija Počinje,
Only Tax Impact (Cannot Claim But Part of Taxable Income),"Samo Porezni Utjecaj (ne može tražiti, ali dio oporezivog prihoda)",
Open,Otvori,
Open & Approved,Otvoren & Odobren,
Opening Balances,Početna Stanja,
Orange,Narandžasta,
Organizational Chart,Organizacijski Dijagram,
Other Details,Ostali Detalji,
Other Settings,Ostale Postavke,
Other Taxes and Charges,Ostali Porezi i Naknade,
Out Time,Vrijeme Ističe,
Out of 5,Od 5 mogućih,
Overview,Pregled,
Overwrite Salary Structure Amount,Prepiši Iznos Strukture Plate,
Owned,Vlasnik,
PWA Notification,Obavještenje Progresivne Web Aplikacije,
Paid,Plaćeno,
Paid Amount,Plaćeni Iznos,
Paid via Salary Slip,Plaćeno preko Platnog Lista,
Parent Goal,Nadređeni Cilj,
"Partially Sponsored, Require Partial Funding","Djelomično Sponzorirano, Zahtijeva Djelimično Finansiranje",
Partly Claimed and Returned,Djelomično Potraživan i Vraćeno,
Passport Number,Broj Pasoša,
Password Policy,Pravila Lozinke,
Pay Against Benefit Claim,Plati naspram Potraživanja Beneficije,
Pay Via Payment Entry,Plati putem Unosa Plaćanja,
Pay via Salary Slip,Plaćanje putem Platne Liste,
Payable Account,Račun Isplate,
Payables,Obveze,
Payment Account,Račun Isplate Plate,
Payment Days,Plaćeni Dani,
Payment Days Calculation Help,Pomoć pri Obračunu Plaćenih Dana,
Payment Entry,Nalog Plaćanja,
Payment and Accounting,Plaćanje i Knjigovodstvo,
Payroll,Obračun Plata,
Payroll Cost Centers,Centri Troškova Obračuna Plata,
Payroll Date,Datum Obračuna Plate,
Payroll Employee Detail,Detalj Obračuna Plata,
Payroll Entry,Unos Obračuna Plata,
Payroll Frequency,Učestalost Obračuna Plata,
Payroll Info,Obračun Plata,
Payroll Payable Account,Račun Uplate Obračuna Plata,
Payroll Period,Period Obračuna Plata,
Payroll Period Date,Datum Perioda Obračuna Plata,
Payroll Periods,Periodi Obračuna Plata,
Payroll Settings,Postavke Obračuna Plata,
Pending,Na Čekanju,
Pending (unpaid) amount from previous advances,Na čekanju (neplaćeni) iznos iz prethodnih predujmova,
Pending Amount,Iznos na Čekanju,
Percent,Procenat,
Percent Deduction,Postotak Odbitka,
Percentage (%),Postotak (%),
Phone Number,Broj Telefona,
Pink,Roza,
Planned number of Positions,Planirani broj Pozicija,
Posted On,Objavljeno,
Posting Date,Datuma Knjiženja,
Posting date,Datum Knjiženja,
Preferred Area for Lodging,Preferirano područje za smještaj,
Present,Prisutan,
Prevent self approval for leaves even if user has permissions,Spriječi samoodobrenje za odsustvo čak i ako korisnik ima dozvole,
Principal Amount,Glavni Iznos,
Print Heading,Naslov Ispisa,
Printing Details,Detalji Ispisa,
Process Attendance After,Obradi Prisustvo Nakon,
Process Payroll Accounting Entry based on Employee,Obradi Unos Obračuna Plata osnovu osoblja,
Process Shift Requests,Obradi Zahtjeva za Smjenu,
Process leave encashment via a separate Payment Entry instead of Salary Slip,Obradi naplatu odsustva putem posebnog Unosa Plaćanja umjesto Platnog Lista,
Professional Tax Deductions,Profesionalni Porezni Odbici,
Proficiency,Stručnost,
Progress,Napredak,
Project,Projekat,
Promotion Date,Datum Unaprijeđenja,
Property,Svojstvo,
Provident Fund Deductions,Odbici Fonda Osiguranja,
Publish Applications Received,Objavi Primljene Zahtjeve,
Publish Salary Range,Objavi Raspon Plate,
Publish on website,Objavi na Web Stranici,
Purpose,Namjena,
Purpose & Amount,Namjena & Iznos,
Purpose of Travel,Razlog Putovanja,
Quarterly,Kvartalno,
Questionnaire Email Sent,E-pošta Upitnika poslana,
Queued,U Redu,
Quick Filters,Brzi Filteri,
Radius within which check-in is allowed (in meters),Radijus unutar kojeg je dozvoljena prijava (u metrima),
Raised By,Zatraženo od,
Rate,Cijena,
Rate Goals Manually,Ocijeni Ciljeve Ručno,
Rating,Procjena,
Rating Criteria,Kriterijumi Ocjenjivanja,
Ratings,Ocjene,
Re-allocate Leaves,Ponovno Dodijeli Odsustvo,
Read,Čitaj,
Reason,Razlog,
Reason for Requesting,Razlog za Upit,
Reason for Withholding Salary,Razlog za Zadržavanje Plate,
Receivables,Potraživanja,
Recommended for a single biometric device / checkins via mobile app,Preporučeno za jedan biometrijski uređaj / prijave putem mobilne aplikacije,
Recover Cost,Povrat Troška,
Recruitment Analytics,Analiza Zapošljavanja,
Red,Crvena,
Reference,Referenca,
Reference Document,Referentni Dokument,
Reference Document Name,Naziv Referentnog Dokumenta,
Reference Document Type,Referentni Tip Dokumenta,
References,Reference,
Referral Bonus Payment Status,Status Plaćanja Bonusa za Preporuke,
Referral Details,Detalji Preporuke,
Referrer,Preporučilac,
Referrer Details,Detalji Upućivača,
Referrer Name,Ime Upućivača,
Reflections,Promišljanja,
Refuelling Details,Detalji Punjenja,
Reject,Odbij,
Rejected,Odbijeno,
Released,Oslobođena,
Relieving Date,Datum Otkaza,
Relieving Date ,Datum Otkaza ,
Reload,Ponovo Učitaj,
Remaining Benefits (Yearly),Preostale Beneficije (Godišnje),
Remark,Napomena,
Remarks,Napomene,
Remind Before,Podsjeti Prije,
Reminded,Podsjetio,
Reminder,Podsjetnik,
Reminders,Podsjetnici,
Remove if Zero Valued,Ukloni ako je nulta vrijednost,
Rented Car,Iznajmljeni Automobil,
Repay Unclaimed Amount from Salary,Otplati Nezatraženi Iznos iz Plate,
Repeat On Days,Ponovi na Dane,
Replied,Odgovoreno,
Reports To,Izvještava,
Requested By,Zatraženo od,
Requested By (Name),Zatraženo od (Ime),
Require Full Funding,Zahtijeva Potpuno Finansiranje,
Required for Employee Creation,Obavezno pri kreiranju Personala,
Resignation Letter Date,Datum Otkaznog Pisma,
Resolution Date,Datum Rješenja,
Resolution Details,Detalji Rješenja,
Resolved,Rješeno,
Resolved By,Riješeno od,
Restrict Backdated Leave Application,Ograniči Zahtjev za Odsustvo sa zastarjelim datumom,
Result,Rezultat,
Resume,Nastavi,
Resume Attachment,Rezume Prilog,
Resume Link,Rezume Veza,
Resume link,Rezume Veza,
Retention Bonus,Bonus Zadržavanja,
Retirement Age (In Years),Dob za Penzionisanje (u Godinama),
Return,Povrat,
Returned,Vraćeno,
Returned Amount,Vraćeni Iznos,
Reviewer,Recenzent,
Reviewer Name,Ime Recenzenta,
Revised CTC,Revidirana Godisnja Plata,
Right,Desno,
Role,Uloga,
Role Allowed to Create Backdated Leave Application,Uloga kojoj je dopušteno pravljenje Zahtjeva za Odsustvo sa zastarjelim datumom,
Roster Color,Boje Rasporeda,
Round Name,Naziv Runde,
Round off Work Experience,Zaokruži Radno Iskustvo,
Round to the Nearest Integer,Zaokružiti na Najbliži Cijeli Broj,
Rounded Total,Ukupno Zaokruženo,
Rounded Total (Company Currency),Zaokruženo Ukupno (Valuta Kompanije),
Rounding,Zaokruživanje,
Route,Ruta,
Route to the custom Job Application Webform,Usmjeri na prilagođenu Web Formu Zahtjeva za Posao,
Rules,Pravila,
Salary,Plata,
Salary Component,Komponenta Plate,
Salary Component ,Komponenta Plate ,
Salary Component Account,Račun Komponente Plate,
Salary Component Type,Tip Komponente Plate,
Salary Component for timesheet based payroll.,Komponenta Plate za Obračun Plate na osnovu Radnog Lista.,
Salary Currency,Valuta Plate,
Salary Detail,Detalj Plate,
Salary Details,Detalji Plate,
Salary Expectation,Očekivana Plata,
Salary Paid Per,Raspon Plate,
Salary Payments Based On Payment Mode,Isplate Plate na osnovu Načina Plaćanja,
Salary Payments via ECS,Isplate Plate putem ECS-a,
Salary Register,Platni Registar,
Salary Slip,Platna Lista,
Salary Slip Based on Timesheet,Platna Lista na osnovu Radnog Lista,
Salary Slip Leave,Odsustvo Platne Liste,
Salary Slip Loan,Kredit Platne Liste,
Salary Slip Timesheet,Radna Lista Platne Liste,
Salary Slips Created,Platni Listovi kreirani,
Salary Slips Submitted,Platni Listovi Potvrđeni,
Salary Structure,Struktura Plate,
Salary Structure Assignment,Dodjela Strukture Plata,
Salary Withholding,Zadržavanje Plate,
Salary Withholding Cycle,Ciklus Zadržavanja Plate,
Salary breakup based on Earning and Deduction.,Raspodjela Plate na osnovu Zarade i Odbitka.,
Salary components should be part of the Salary Structure.,Komponente Plate trebaju biti dio Strukture Plate.,
Sanctioned Amount,Sankcionisani Iznos,
Scheduled,Zakazano,
Scheduled On,Planirano,
Score (0-5),Rezultat (0-5),
Score Earned,Zaređeni Rezultat,
Select Employees,Navedi Personal,
Select Payment Account to make Bank Entry,Odaberi Račun Isplate Plate da izvršite Bankovni Unos,
Select Terms and Conditions,Odaberi Uslove i Odredbe,
Select Users,Odaberi Korisnike,
Select this if you want shift assignments to be automatically created indefinitely.,Odaberi ovo ako želite da se dodjele smjena automatski kreiraju na neodređeno vrijeme.,
Self Appraisal,Samoprocjenjivanje,
Self-Study,Samoučenje,
Seminar,Seminar,
Send Emails At,Pošalji e-poštu u,
Send Interview Feedback Reminder,Poåalji Povratne Informacije Intervjua,
Send Interview Reminder,Poåalji Intervju Podsjetnik,
Send Leave Notification,Pošalji Obavještenje Odsustva,
Sender,Pošiljalac,
Sender Email,E-pošta pošiljaoca,
Sent,Poslano,
Separation Activities,Aktivnosti Razdvajanja,
Separation Begins On,Razdvajanje počinje,
Series,Numeričke Serije,
Service,Servis,
Service Details,Servisni Detalji,
Service Item,Servisni Artikal,
Session Defaults,Standard Sesije,
"Set ""From(Year)"" and ""To(Year)"" to 0 for no upper and lower limit.","Postavi ""Od(Godina)"" i ""Do(Godina)"" na 0 bez gornje i donje granice.",
Set Assignment Details,Postavi Detalje Dodjele,
Set Leave Details,Postavi Detalje Odsustva,
Set filters to fetch employees,Postavi filtere za preuzimanje osoblja,
Set opening balances for earnings and taxes from the previous employer,Postavite početna stanja za zarade i poreze od prethodnog poslodavca,
Set optional filters to fetch employees in the appraisee list,Postavite opcije filtera da biste preuzelii osoblje sa listr ocjenjivača,
Set the frequency for holiday reminders,Postavi učestalost podsjetnika za praznike,
Set the properties that should be updated in the Employee master on promotion submission,Postavi svojstva koja bi trebala biti ažurirana u Postavkama Osoblja pri podnošenju unaprijeđnja,
Settings,Postavke,
Settled,Usaglašeno,
Shift,Smjena,
Shift Actual End,Stvarni Kraj Smjene,
Shift Actual Start,Stvarni Početak Smjene,
Shift Assignment,Dodjela Smjene,
Shift Assignment Details,Detalji Dodjele Smjene,
Shift Assignment Tool,Alat Dodjele Smjene,
Shift Attendance,Prisustvo Smjene,
Shift Details,Detalji Smjene,
Shift End,Kraj Smjene,
Shift Location,Lokacija Smjene,
Shift Request,Zahtjev za Smjenu,
Shift Request Filters,Filteri Zahtjeva Smjene,
Shift Requests ending before this date will be excluded.,Zahtjevi Smjene koji završavaju prije ovog datuma bit će isključeni.,
Shift Requests starting after this date will be excluded.,Zahtjevi Smjene koji počinju nakon ovog datuma bit će isključeni.,
Shift Schedule,Raspored Smjene,
Shift Schedule Assignment,Dodjela Rasporeda Smjene,
Shift Settings,Postavke Smjene,
Shift Start,Početak Smjene,
Shift Status,Status Smjene,
Shift Timings,Vremena Smjene,
Shift Type,Tip Smjene,
Show Leave Balances in Salary Slip,Prikaži Stanje Odsustva u Platnom Listu,
Show Leaves Of All Department Members In Calendar,Prikaži odsustvo svih Članova Odjela u Kalendaru,
Skill,Vještina,
Skill Assessment,Procjena Vještine,
Skill Name,Naziv Vještine,
Skills,Vještine,
Skip Auto Attendance,Preskoči Automatsko Prisustvo,
Slack,Slack,
Source,Izvor,
Source Name,Naziv Izvora,
Source and Rating,Izvor i Ocjena,
Sponsored Amount,Sponzorirani Iznos,
Staffing Details,Detalji Zapošljavanja,
Staffing Plan,Plan Zapošljavanja,
Staffing Plan Detail,Detalji Plana Zapošljavanja,
Standard Tax Exemption Amount,Standardni Iznos Izuzeća od Poreza,
Standard Working Hours,Standardno Radno Vrijeme,
Start Date,Start Datum,
Start Time,Vrijeme Početka,
Statistical Component,Statistička Komponenta,
Status,Status,
Status for Other Half,Status za drugu polovinu dana,
Stop users from making Leave Applications on following days.,Zaustavite korisnike da podnose Zahtjeve Odsustva za sljedeće dane.,
Strictly based on Log Type in Employee Checkin,Strogo zasnovano na Tipu Zapisnika Prijave Personala,
Subject,Predmet,
Submission Date,Datum Podnošenja,
Submitted,Podnešeno,
Sum of all previous slabs,Suma svih prethodnih tabela,
Supplier,Dobavljač,
System Health,Status Sistema,
System Manager,Upravitelj Sistema,
Take Exact Completed Years,Uzmite Tačno Završene Godine,
Task,Zadatak,
Task Weight,Težina Zadatka,
Tax Deducted Till Date,Odbijen Porez do Datuma,
Tax Exemption Category,Kategorija Izuzeća od Poreza,
Tax Exemption Declaration,Deklaracija Izuzeća od Poreza,
Tax Exemption Proofs,Dokaz Izuzeća od Poreza,
Tax on additional salary,Porez na Dodatnu Platu,
Tax on flexible benefit,Porez na Fleksibilne Beneficije,
Taxable Earnings Till Date,Oporeziva Zarada do Datuma,
Taxable Income Relief Threshold Limit,Granica olakšice za oporezivi dohodak,
Taxable Salary Slab,Tabela Oporezivanja Plate,
Taxable Salary Slabs,Tabele Oporezivanja Plate,
Taxes & Charges,Porezi & Naknade,
Taxes and Charges on Income Tax,Porezi i Naknade Poreza na Plate,
Taxi,Taksi,
Team Updates,Timska Ažuriranja,
Template Name,Naziv Šablona,
Terms,Uslovi,
Terms and Conditions,Odredbe i Uslovi,
The date on which Salary Component with Amount will contribute for Earnings/Deduction in Salary Slip. ,Datum na koji će Komponenta Plate sa iznosom doprinijeti Zaradi/Odbitku u Platnom Listu. ,
The day of the month when leaves should be allocated,Dan u mjesecu kada treba dodijeliti odsustvo,
The fraction of daily wages to be paid for half-day attendance,Dio dnevnice koji se plaća za poludnevno prisustvo,
"The salary slip emailed to the employee will be password protected, the password will be generated based on the password policy.","Platni List poslat personalu e-poštom će biti zaštićen lozinkom, lozinka će biti generirana na osnovu politike lozinke.",
The time after the shift start time when check-in is considered as late (in minutes).,Vrijeme nakon početka smjene kada se prijava smatra za kasno (u minutama).,
The time before the shift end time when check-out is considered as early (in minutes).,Vrijeme prije završetka smjene kada se odjava smatra za rano (u minutama).,
The time before the shift start time during which Employee Check-in is considered for attendance.,Vrijeme prije početka smjene tokom kojeg se prijava personala smatra za prisustvo.,
Theory,Teorija,
"These leaves are holidays permitted by the company however, availing it is optional for an Employee.","Ova odsustva su praznici koje kompanija dozvoljava, ali njihovo korištenje je opcija za personal.",
Time,Vrijeme,
Time Sheet,Vremenska Lista,
Time after the end of shift during which check-out is considered for attendance.,Vrijeme nakon završetka smjene tokom kojeg se odjava smatra za prisustvo.,
Time taken to fill the open positions,Vrijeme potrebno za popunjavanje otvorenih pozicija,
Time to Fill,Vremenski Raspon,
Timelines,Vremenske Linije,
Timesheet Details,Detalji Vremenske Liste,
Title,Naziv,
To Amount,Do Iznosa,
To Date,Do Datuma,
To Time,Do Vremena,
To User,Za Korisnika,
To(Year),Do (Godina),
Toggle Full Width,Prebaci Punu Širinu,
Toggle Theme,Prebaci Temu,
Total,Ukupno,
Total Actual Amount,Ukupan Stvarni Iznos,
Total Advance Amount,Ukupan Iznos Predujma,
Total Allocated Leave(s),Ukupno Dodijeljeno Odsustvo,
Total Amount,Ukupan Iznos,
Total Amount Reimbursed,Ukupan Nadoknađen Iznos,
Total Asset Recovery Cost,Ukupni Trošak Povrata Imovine,
Total Claimed Amount,Ukupan Iznos potraživanja,
Total Declared Amount,Ukupan Deklarisani Iznos,
Total Deduction,Ukupni Odbitak,
Total Deduction (Company Currency),Ukupni Odbitak (Valuta Kompanije),
Total Earning,Ukupna Zarada,
Total Earnings,Ukupna Zarada,
Total Estimated Budget,Ukupni Procijenjeni Budžet,
Total Estimated Cost,Ukupna Procijenjena Cijena,
Total Exemption Amount,Ukupan Izuzeti Iznos,
Total Goal Score,Ukupan Rezultat Cilja,
Total Income Tax,Ukupan Porez na Prihod,
Total Leave Days,Ukupan broj dana Odsustva,
Total Leaves Allocated,Ukupno Dodijeljeno Odsustvo,
Total Leaves Encashed,Ukupno Naplaćeno Odsustvo,
Total Payable Amount,Ukupan Plaćeni Iznos,
Total Payment,Ukupna Isplata,
Total Receivable Amount,Ukupan Iznos Potraživanja,
Total Sanctioned Amount,Ukupni Sankcionisani Iznos,
Total Score,Ukupni Rezultat,
Total Self Score,Ukupni Samorezultat,
Total Taxes and Charges,Ukupni Porezi i Naknade,
Total Working Hours,Ukupno Radnih Sati,
Total in words,Ukupno Riječima,
Total in words (Company Currency),Ukupno Riječima (Valuta Kompanije),
Total salary booked against this component for this employee from the beginning of the year (payroll period or fiscal year) up to the current salary slip's end date.,Ukupna plata uknjižena prema ovoj komponenti za navedeni personal od početka godine (obračunski period ili fiskalna godina) do datuma završetka tekućeg platnog lista.,
Total salary booked for this employee from the beginning of the month up to the current salary slip's end date.,Ukupna plata uknjižena za navedeni personal od početka mjeseca do datuma završetka tekućeg platnog lista.,
Total salary booked for this employee from the beginning of the year (payroll period or fiscal year) up to the current salary slip's end date.,Ukupna plata uknjižena za navedeni personal od početka godine (obračunski period ili fiskalna godina) do datuma završetka tekućeg platnog lista.,
Total working Days Per Year,Ukupno Radnih Dana u Godini,
Totals,Ukupno,
Train,Voz,
Trainer Email,E-pošta Obučitelja,
Trainer Name,Ime Obučitelja,
Training,Obuka,
Training Date,Datum Obuke,
Training Event,Događaj Obuke,
Training Event Employee,Personal Događaja Obuke,
Training Feedback,Povratna Informacija Obuke,
Training Program,Program Obuke,
Training Result,Rezultat Obuke,
Training Result Employee,Personal Rezultat Obuke,
Trainings,Obuke,
Transaction Date,Datum Transakcije,
Transaction Name,Naziv Transakcije,
Transaction Type,Tip Transakcije,
Transfer Date,Datum Transfera,
Travel Advance Required,Putni Predujam je Obavezan,
Travel From,Putovanje iz,
Travel Funding,Financiranje Putovanja,
Travel Itinerary,Plan Putovanja,
Travel Request,Putovni Zahtjev,
Travel Request Costing,Obračun Troškova Putovanja,
Travel To,Putovanje u,
Travel Type,Tip Putovanja,
Type,Tip,
Type of Proof,Tip Dokaza,
Unclaimed Amount,Nezatražen Iznos,
Under Review,Pod Recenzijom,
Unlink Payment,Prekini vezu plaćanja,
Unmarked Employee Header,NeoznačenI Personal Zaglavlje,
Unmarked Employees HTML,NeoznačenI Personal HTML,
Unmarked days,Neprijavljeni Dani,
Unpaid,Neplaćeno,
Unpaid Expense Claim,Neplaćeno Potraživanje Troška,
Unsettled,Neizmireno,
Unused leaves,Neiskorišćeno Odsustvo,
Upload Attendance,Otpremi Prisustvo,
Upload HTML,HTML Otpreme,
Upper Range,Viši Raspon,
Used Leave(s),Iskorišteno Odsustvo(i),
User,Korisnik,
User Settings,Korisničke Postavke,
Users,Korisnici,
Vacancies,Slobodna Radna Mjesta,
Validate Attendance,Validiraj Prisustvo,
Value / Description,Vrijednost / Opis,
Variable,Varijabla,
Variable Based On Taxable Salary,Varijabla zasnovana na Oporezivoj Plati,
Vegetarian,Vegetarijanac,
Vehicle Log,Zapisnik Vozila,
Vehicle Service,Servis Vozila,
Vehicle Service Item,Servisni Artikal Vozila,
View Website,Prikaži Web Stranicu,
Violet,Ljubičasta,
Weekly,Sedmično,
Weightage (%),Težinski (%),
"When set to 'Inactive', employees with conflicting active shifts will not be excluded.","Kada je postavljeno na 'Neaktivno', personal s konfliktnim aktivnim smjenama neće biti isključeni.",
Why is this Candidate Qualified for this Position?,Zašto je ovaj kandidat kvalifikovan za ovu poziciju?,
Withheld,Zadržana,
Work Anniversaries ,Godišnjice Rada ,
Work End Date,Datum Završetka Rada,
Work Experience Calculation Method,Metoda Obračuna Radnog Iskustva,
Work From Date,Datum Početka Rada,
Work From Home,Rad od Kuće,
Work References,Iskustvo,
Worked On Holiday,Radio za Praznik,
Workflow State,Radni Tok Stanje,
Working Days,Radni Dani,
Working Days and Hours,Radni Dani i Sati,
Working Hours,Radno Vrijeme,
Working Hours Calculation Based On,Obračun Radnog Vremena na osnovu,
Working Hours Threshold for Absent,Prag Radnog Vremena za Odsutne,
Working Hours Threshold for Half Day,Prag Radnog Vremena za Pola Dana,
Working hours below which Absent is marked. (Zero to disable),Radno Vrijeme ispod kojeg je navedeno kao Odsutno. (Nula za onemogućavanje),
Working hours below which Half Day is marked. (Zero to disable),Radno Vrijeme ispod kojeg je navedeno Pola Dana. (Nula za onemogućavanje),
Workshop,Radionica,
Workspace Settings,Postavke Radnog Prostora,
Year,Godina,
Year To Date,Godina do Danas,
Year To Date(Company Currency),Godina do Danas (Valuta Kompanije),
Yearly,Godišnje,
Yellow,Žuta,
Yes,Da,
email,e-pošta,
modify_half_day_status,promjeni_poludnevni_status,
