 Unlink Payment on Cancellation of Employee Advance, Aufheben der Zahlungsverknüpfung bei Stornierung des Mitarbeitervorschusses,
<b>Example:</b> SAL-{first_name}-{date_of_birth.year} <br>This will generate a password like SAL-Jane-1972,<b>Beispiel:</b> SAL- {Vorname} - {Geburtsdatum.Jahr} <br> Dies erzeugt ein Passwort wie SAL-Jane-1972,
"<h4>Condition Examples</h4>
<ol>
<li>Applying tax if employee born between 31-12-1937 and 01-01-1958 (Employees aged 60 to 80)<br>
<code>Condition: date_of_birth&gt;date(1937, 12, 31) and date_of_birth&lt;date(1958, 01, 01)</code></li><br><li>Applying tax by employee gender<br>
<code>Condition: gender==""Male""</code></li><br>
<li>Applying tax by Salary Component<br>
<code>Condition: base &gt; 10000</code></li></ol>","<h4>Bedingungsbeispiele</h4>
<ol>
<li>Anwendung der Steuer, wenn der Arbeitnehmer zwischen dem 31.12.1937 und dem 01.01.1958 geboren ist (Arbeitnehmer im Alter von 60 bis 80 Jahren)<br>
<code>Bedingung: date_of_birth&gt;date(1937, 12, 31) and date_of_birth&lt;date(1958, 01, 01)</code></li><br><li>Applying tax by employee gender<br>
<code>Condition: gender==""Male""</code></li><br>
<li>Applying tax by Salary Component<br>
<code>Condition: base &gt; 10000</code></li></ol>",
Abbr,Abkürzung,
About,Über,
Absent,Abwesend,
Absent Days,Abwesende Tage,
Academics User,Benutzer: Lehre,
Accepted,Akzeptiert,
Account,Konto,
Account Head,Konto,
Accounting,Buchhaltung,
Accounting & Payment,Buchhaltung & Zahlung,
Accounting Details,Buchhaltungs-Details,
Accounting Dimensions,Buchhaltungsdimension,
Accounts,Konten,
Action,Aktion,
Active,Aktiv,
Activities,Aktivitäten,
Activity Name,Aktivitätsname,
Actual Amount,Tatsächliche Menge,
Actual Cost,Ist-Kosten,
Actual Encashable Days,Tatsächliche einlösbare Tage,
Add Day-wise Dates,Tagesweise Daten hinzufügen,
Add unused leaves from previous allocations,Ungenutzten Urlaub von vorherigen Zuteilungen hinzufügen,
Add unused leaves from previous leave period's allocation to this allocation,Ungenutzte Urlaubstage aus der Zuteilung des vorherigen Urlaubszeitraums zu dieser Zuteilung hinzufügen,
Added On,Hinzugefügt am,
Additional Amount,Zusatzbetrag,
Additional Information ,Weitere Informationen ,
Additional Salary,Zusätzliches Gehalt,
Additional Salary ,Zusätzliches Gehalt,
Address of Organizer,Adresse des Veranstalters,
Advance,Vorschuss,
Advance Account,Vorauskonto,
Advance Amount,Anzahlungsbetrag,
Advance Paid,Angezahlt,
Advance Payment,Anzahlung,
Advance Payments,Anzahlungen,
Advanced Filters,Erweiterte Filter,
Advances,Anzahlungen,
All,Alle,
Allocate Based On Leave Policy,Zuteilen basierend auf der Abwesenheitsrichtlinie,
Allocate on Day,Zuteilung an Tag,
Allocated Amount,Zugewiesener Betrag,
Allocation,Zuweisung,
Allow Employee Checkin from Mobile App,Einstempeln über die mobile App zulassen,
Allow Encashment,Erlaube zulassen,
Allow Geolocation Tracking,Standorterfassung erlauben,
Allow Multiple Shift Assignments for Same Date,Mehrere Schichtzuweisungen für dasselbe Datum zulassen,
Allow Negative Balance,Negativen Saldo zulassen,
Allow Over Allocation,Überzuweisung erlauben,
Allow Tax Exemption,Steuerbefreiung zulassen,
Allow User,Benutzer zulassen,
Allow Users,Benutzer zulassen,
Allow check-out after shift end time (in minutes),Auschecken nach Schichtende erlauben (in Minuten),
Allow the following users to approve Leave Applications for block days.,"Zulassen, dass die folgenden Benutzer Urlaubsanträge für Blöcke von Tagen genehmigen können.",
Allows allocating more leaves than the number of days in the allocation period.,Ermöglicht die Zuweisung von mehr Abwesenheiten als die Anzahl der Tage im Zuweisungszeitraum.,
Alternating entries as IN and OUT during the same shift,Wechselnde Eingaben wie IN und OUT während derselben Schicht,
Amended From,Abgeändert von,
Amount,Betrag,
Amount based on formula,"Menge, bezogen auf Formel",
Amount claimed via Expense Claim,Über die Auslagenabrechnung geltend gemachter Betrag,
Amount of expense,Betrag der Ausgaben,
Amount that has been paid against this advance,"Betrag, der auf diesen Vorschuss gezahlt wurde",
Annual Allocation,Jährliche Zuteilung,
Annual Taxable Amount,Jährlicher steuerpflichtiger Betrag,
Any other details,Weitere Details,
"Any other remarks, noteworthy effort that should go in the records","Andere Bemerkungen, bemerkenswerte Bemühungen, die in die Aufzeichnungen aufgenommen werden sollten",
Applicable Earnings Component,Anwendbare Einkommenskomponente,
Applicable For,Anwenden für,
Applicable in the case of Employee Onboarding,Anwendbar im Falle von Mitarbeiter-Onboarding,
Applicant Email Address,E-Mail-Adresse des Antragstellers,
Applicant Name,Bewerbername,
Applicant Rating,Bewerber Bewertung,
Applicant for a Job,Bewerber für eine Stelle,
Applies to Company,Gilt für Unternehmen,
Apply / Approve Leaves,Abwesenheiten beantragen / genehmigen,
Appointment Date,Termin,
Appointment Letter,Ernennungsschreiben,
Appointment Letter Template,Termin Briefvorlage,
Appointment Letter content,Inhalt des Ernennungsschreibens,
Appraisal,Bewertung,
Appraisal Cycle,Beurteilungszyklus,
Appraisal Goal,Bewertungsziel,
Appraisal KRA,Beurteilung KRA,
Appraisal Linking,Verknüpfung von Beurteilungen,
Appraisal Overview,Beurteilungsübersicht,
Appraisal Template,Beurteilungsvorlage,
Appraisal Template Goal,Bewertungsvorlage zur Zielorientierung,
Appraisal Template Title,Bezeichnung der Bewertungsvorlage,
Appraisee,Beurteilter,
Approval,Genehmigung,
Approval Status,Genehmigungsstatus,
Approve,Genehmigen,
Approved,Genehmigt,
Approver,Genehmiger,
Apps,Apps,
Archived,Archiviert,
Arrival Datetime,Ankunftszeit,
Asset Name,Name des Vermögensgegenstandes,
Assets Allocated,Zugewiesene Vermögensgegenstände,
Assign Shift,Schicht zuweisen,
Assign Shift Schedule,Schichtplan zuweisen,
Assignment based on,Zuweisung basierend auf,
Associated Document,Zugehöriges Dokument,
Associated Document Type,Zugehöriger Dokumenttyp,
Attach Proof,Nachweis anhängen,
Attachments,Anhänge,
Attendance,Anwesenheit,
Attendance Date,Anwesenheitsdatum,
Attendance From Date,Anwesenheit von Datum,
Attendance Marked,Teilnahme markiert,
Attendance Request,Anwesenheitsanfrage,
Attendance Settings,Einstellungen für die Anwesenheit,
Attendance To Date,Anwesenheit bis Datum,
Attendance will be marked automatically only after this date.,Die Teilnahme wird erst nach diesem Datum automatisch markiert.,
Attendees,Teilnehmer,
Auto Attendance Settings,Einstellungen für die automatische Teilnahme,
Auto Leave Encashment,Automatisches Verlassen der Einlösung,
Automated Based on Goal Progress,Automatisiert auf Basis des Zielfortschritts,
"Automatically fetches all assets allocated to the employee, if any","Automatischer Abruf aller dem Mitarbeiter zugewiesenen Vermögensgegenstände, falls vorhanden",
Automatically update Last Sync of Checkin,Letzte Synchronisierung des Check-ins automatisch aktualisieren,
Available Leave(s),Verfügbare Urlaubstage,
Average Feedback Score,Durchschnittliche Feedback-Punktzahl,
Average Rating,Durchschnittliche Bewertung,
"Average of Goal Score, Feedback Score, and Self Appraisal Score (out of 5)","Durchschnitt von Zielpunktzahl, Feedbackpunktzahl und Selbstbeurteilungspunktzahl (von 5)",
Awaiting Response,Warte auf Antwort,
Bank Account,Bankkonto,
Bank Account No,Bankkonto Nr,
Bank Details,Bankdaten,
Bank Name,Name der Bank,
Bank Remittance,Banküberweisung,
Base,Basis,
Base & Variable,Basis & Variabel,
Begin On (Days),Beginn an (Tage),
Begin check-in before shift start time (in minutes),Beginnen Sie den Check-in vor Schichtbeginn (in Minuten),
Beginner,Anfänger,
Benefits,Vorteile,
Bimonthly,Zweimonatlich,
Birthdays,Geburtstage,
Block Date,Datum sperren,
Block Days,Tage sperren,
Block Holidays on important days.,Urlaub an wichtigen Terminen unterbinden.,
Blue,Blau,
Body,Inhalt,
Bonus,Bonus,
Bonus Amount,Bonusbetrag,
Bonus Payment Date,Bonuszahlungsdatum,
Branch,Filiale,
Bulk Salary Structure Assignment,Massenzuweisung von Gehaltsstrukturen,
"By default, the Final Score is calculated as the average of Goal Score, Feedback Score, and Self Appraisal Score. Enable this to set a different formula","Standardmäßig wird das Endergebnis als Durchschnitt aus Zielergebnis, Feedbackergebnis und Selbsteinschätzungsergebnis berechnet. Aktivieren Sie diese Option, um eine andere Formel festzulegen",
CTC,CTC,
Calculate Final Score based on Formula,Endergebnis anhand Formel berechnen,
Calculate Payroll Working Days Based On,Berechnen Sie die Arbeitstage der Personalabrechnung basierend auf,
Calculated in days,Berechnet in Tagen,
Cancelled,Storniert,
Carry Forward,Übertragen,
Carry Forwarded Leaves,Übertragene Urlaubsgenehmigungen,
Cause of Grievance,Grund der Beschwerde,
Change,Ändern,
Check Vacancies On Job Offer Creation,Stellenangebote bei der Erstellung von Stellenangeboten prüfen,
Check-in Date,Check-in Datum,
Check-out Date,Check-Out Datum,
Checkin Radius,Check-in-Radius,
Claim Benefit For,Anspruchsvorteil für,
Claim Date,Anspruch Datum,
Claimed,Behauptet,
Claimed Amount,Anspruchsbetrag,
Clearance Date,Abrechnungsdatum,
Closed,Geschlossen,
Closed On,Geschlossen am,
Closes On,Schließt ein,
Closing Notes,Schlussbemerkungen,
Color,Farbe,
Comments,Kommentare,
Company,Unternehmen,
Company Details,Details zum Unternehmen,
Compensatory Leave Request,Ausgleichsurlaubsantrag,
Completed,Abgeschlossen,
Completed On,Abgeschlossen am,
Component,Komponente,
Component properties and references ,Komponenteneigenschaften und Referenzen,
Condition,Bedingung,
Condition & Formula,Bedingung & Formel,
Condition and formula,Zustand und Formel,
Conditions,Bedingungen,
Conditions and Formula variable and example,Bedingungen und Formelvariable und Beispiel,
Conference,Konferenz,
Connections,Verknüpfungen,
Consider Marked Attendance on Holidays,Markierte Anwesenheit an arbeitsfreien Tagen berücksichtigen,
Consider Unmarked Attendance As,Betrachten Sie die nicht markierte Teilnahme als,
Contact Email,Kontakt-E-Mail,
Contact No.,Kontakt-Nr.,
Contact Number,Kontaktnummer,
Copy of Invitation/Announcement,Kopie der Einladung / Ankündigung,
Cost,Kosten,
Cost Center,Kostenstelle,
Cost Centers,Kostenstellen,
Costing,Kalkulation,
Costing Details,Kostendetails,
Country,Land,
Course,Kurs,
Cover Letter,Motivationsschreiben,
Create New Employee Id,Erstellen Sie eine neue Mitarbeiter-ID,
Create Separate Payment Entry Against Benefit Claim,Erstellen Sie eine separate Zahlungserfassung gegen den Leistungsanspruch,
Create Shifts After,Schichten erstellen nach dem,
Criteria,Kriterien,
Criteria based on which employee should be rated in Performance Feedback and Self Appraisal,"Kriterien, anhand derer der Mitarbeiter im Leistungsfeedback und in der Selbstbeurteilung bewertet werden sollte",
Currency,Währung,
Currency ,Währung ,
Current,Aktuell,
Current CTC,Aktuelle CTC,
Current Count,Aktuelle Anzahl,
Current Employer ,Derzeitiger Arbeitgeber ,
Current Job Title,Aktuelle Stellenbezeichnung,
Current Month Income Tax,Einkommensteuer des laufenden Monats,
Current Odometer value ,Aktueller Kilometerzählerwert,
Current Openings,Aktuelle Eröffnungen,
Current Work Experience,Aktuelle Berufserfahrung,
Custom Range,Benutzerdefinierter Bereich,
Cyan,Türkis,
Cycle Name,Zyklusname,
Cycles,Zyklen,
Daily,Täglich,
Daily Work Summary,Tägliche Arbeitszusammenfassung,
Daily Work Summary Group,Tägliche Arbeitszusammenfassungsgruppe,
Daily Work Summary Group User,Tägliche Arbeit Zusammenfassung Gruppenbenutzer,
Daily Work Summary Replies,Tägliche Arbeit Zusammenfassung Antworten,
Dashboard,Dashboard,
Date,Datum,
Date ,Datum ,
Date of Birth,Geburtsdatum,
Date of Joining,Eintrittsdatum,
Dates & Reason,Termine & Grund,
Dates Based On,Daten basierend auf,
Declarations,Erklärungen,
Declared Amount,Angegebener Betrag,
Deduct Full Tax on Selected Payroll Date,Abzug der vollen Steuer am ausgewählten Abrechnungsdatum,
Deduct Tax For Unclaimed Employee Benefits,Steuern für nicht beanspruchte Leistungen an Arbeitnehmer abziehen,
Deduct Tax For Unsubmitted Tax Exemption Proof,Steuern für nicht abgegebenen Steuerbefreiungsnachweis abziehen,
Deduction,Abzug,
Deductions,Abzüge,
Deductions before tax calculation,Abzüge vor Steuerberechnung,
Default Account,Standardkonto,
Default Amount,Standard-Betrag,
Default Bank / Cash account will be automatically updated in Salary Journal Entry when this mode is selected.,"Standard Bank / Geldkonto wird automatisch in Gehalts Journal Entry aktualisiert werden, wenn dieser Modus ausgewählt ist.",
Default Base Pay,Standard-Grundgehalt,
Default Salary Structure,Standard-Gehaltsstruktur,
Deferred Expense Account,Rechnungsabgrenzungsposten,
Delivery Trip,Auslieferungsfahrt,
Department,Abteilung,
Department Approver,Abteilungsgenehmiger,
Departure Datetime,Abfahrt Datetime,
Depends on Payment Days,Hängt von den Zahlungstagen ab,
Description,Beschreibung,
Description of a Job Opening,Beschreibung einer Stellenausschreibung,
Designation,Position,
Designation Skill,Positionsfähigkeit,
Details,Details,
"Details of Sponsor (Name, Location)","Angaben zum Sponsor (Name, Ort)",
Determine Check-in and Check-out,Check-in und Check-out festlegen,
Disable,Deaktivieren,
Disable Rounded Total,"""Gesamtsumme runden"" abschalten",
Disabled,Deaktiviert,
Dispensed Amount (Pro-rated),Ausgabemenge (Pro-rated),
Do Not Include in Total,Nicht in die Summe einbeziehen,
Do not include in total,Nicht in Summe berücksichtigen,
Domestic,Inländisch,
Download Template,Vorlage herunterladen,
Draft,Entwurf,
Duration (Days),Dauer (Tage),
Early Exit,Frühzeitiger Feierabend,
Early Exit Grace Period,Karenzzeit für frühzeitiges Schichtende,
Earned Leave,Verdienter Urlaub,
Earned Leave Frequency,Verdiente Austrittsfrequenz,
Earning,Einkommen,
Earning Component,Verdienende Komponente,
Earnings,Einkünfte,
Earnings & Deductions,Erträge & Abzüge,
Effective From,Gültig ab,
Effective To,Gültig bis,
Effective from,Gültig ab,
Email,E-Mail,
Email Address,E-Mail-Adresse,
Email ID,E-Mail-Adresse,
Email Salary Slip to Employee,Gehaltsabrechnung per E-Mail an Mitarbeiter senden,
Email Sent To,Email an gesendet,
Email Template,E-Mail-Vorlage,
Emails salary slip to employee based on preferred email selected in Employee,E-Mails Gehaltsabrechnung an Mitarbeiter auf Basis von bevorzugten E-Mail in Mitarbeiter ausgewählt,
Employee,Mitarbeiter,
Employee Advance,Mitarbeitervorschuss,
Employee Advance Summary,Mitarbeiter Vorausschau,
Employee Attendance Tool,MItarbeiter-Anwesenheits-Werkzeug,
Employee Benefit Application,Employee Benefit Anwendung,
Employee Benefit Application Detail,Details zum Leistungsantrag für Angestellte,
Employee Benefit Claim,Leistungsanspruch des Arbeitnehmers,
Employee Benefits,Vergünstigungen an Mitarbeiter,
Employee Boarding Activity,Mitarbeitereinstiegsaktivität,
Employee Checkin,Mitarbeiter einchecken,
Employee Cost Center,Mitarbeiterkostenstelle,
Employee Details,Mitarbeiterdetails,
Employee Emails,Mitarbeiter E-Mails,
Employee Exit Settings,Einstellungen für Mitarbeiteraustritt,
Employee Exits,Mitarbeiteraustritte,
Employee Feedback Criteria,Kriterien für Mitarbeiter-Feedback,
Employee Feedback Rating,Mitarbeiter-Feedback-Bewertung,
Employee Grade,Mitarbeiterklasse,
Employee Grievance,Mitarbeiterbeschwerde,
Employee Health Insurance,Krankenversicherung für Arbeitnehmer,
Employee Image,Mitarbeiterbild,
Employee Incentive,Mitarbeiteranreiz,
Employee Info,Mitarbeiter-Infos,
Employee Name,Name des Mitarbeiters,
Employee Naming By,Mitarbeiterbenennung nach,
Employee Number,Mitarbeiternummer,
Employee Onboarding,Mitarbeiter Onboarding,
Employee Onboarding Template,Mitarbeiter Onboarding-Vorlage,
Employee Other Income,Sonstiges Einkommen des Mitarbeiters,
Employee Performance Feedback,Mitarbeiter Leistungsfeedback,
Employee Promotion,Mitarbeiterförderung,
Employee Promotion Details,Mitarbeiter Promotion Details,
Employee Property History,Mitarbeitereigenschaft Geschichte,
Employee Referral,Mitarbeiterempfehlung,
Employee Responsible ,Verantwortlicher Mitarbeiter ,
Employee Retained,Mitarbeiter behalten,
Employee Separation,Mitarbeitertrennung,
Employee Separation Template,Mitarbeiter Trennvorlage,
Employee Settings,Mitarbeitereinstellungen,
Employee Skill,Mitarbeiterfähigkeit,
Employee Skill Map,Mitarbeiter-Skill-Map,
Employee Skills,Mitarbeiterfähigkeiten,
Employee Tax Exemption Category,Steuerbefreiungskategorie für Arbeitnehmer,
Employee Tax Exemption Declaration,Steuererklärung für Arbeitnehmer,
Employee Tax Exemption Declaration Category,Kategorie Steuerbefreiungserklärungen für Arbeitnehmer,
Employee Tax Exemption Proof Submission Detail,Details zur Steuerbefreiung für Mitarbeitersteuerbefreiung,
Employee Tax Exemption Sub Category,Mitarbeitersteuerbefreiung Unterkategorie,
Employee Training,Angestellten Training,
Employee Transfer,Mitarbeiterübernahme,
Employee Transfer Detail,Mitarbeiterüberweisungsdetails,
Employee Transfer Details,Details zum Mitarbeitertransfer,
Employee name,Mitarbeitername,
Employee records are created using the selected option,Mitarbeiterdatensätze werden unter Verwendung der ausgewählten Option erstellt,
Employees,Mitarbeiter,
Employees HTML,Mitarbeiter HTML,
Employees working on a holiday,"Arbeitnehmer, die an einem Feiertag arbeiten",
Employment Type,Art der Beschäftigung,
Enable Auto Attendance,Automatische Anwesenheit einschalten,
Enable Early Exit Marking,Markierung für vorzeitigen Feierabend aktivieren,
Enable Late Entry Marking,Markierung für verspäteten Arbeitsbeginn aktivieren,
Enabled,Aktiviert,
Encashment,Einlösung,
Encashment Amount,Einzahlungsbetrag,
Encashment Date,Inkassodatum,
Encashment Days,Auszahlungstage,
Encrypt Salary Slips in Emails,Gehaltsabrechnungen in E-Mails verschlüsseln,
End Date,Enddatum,
End Time,Endzeit,
Error Message,Fehlermeldung,
Estimated Cost Per Position,Geschätzte Kosten pro Position,
Evaluation Date,Bewertungstag,
Event Details,Veranstaltungsdetails,
Event Name,Veranstaltungsname,
Event Status,Status der Veranstaltung,
Every 2 Weeks,Alle 2 Wochen,
Every 3 Weeks,Alle 3 Wochen,
Every 4 Weeks,Alle 4 Wochen,
Every Valid Check-in and Check-out,Jeder gültige Check-in und Check-out,
Every Week,Jede Woche,
Exam,Prüfung,
Exchange Rate,Wechselkurs,
Exempted from Income Tax,Von der Einkommensteuer befreit,
Exemption Category,Ausnahmekategorie,
Exemption Proofs,Befreiungsnachweise,
Exemption Sub Category,Unterkategorie der Befreiung,
Exit Confirmed,Austritt bestätigt,
Exit Details,Details zum Austritt,
Exit Interview,Austrittsgespräch,
Exit Interview Summary,Interview-Zusammenfassung beenden,
Exit Questionnaire,Austrittsfragebogen,
Exit Questionnaire Notification Template,Benachrichtigungsvorlage für den Austrittsfragebogen,
Exit Questionnaire Web Form,Austrittsfragebogen Web-Formular,
Expected Average Rating,Erwartete Durchschnittsbewertung,
Expected By,Erwartet bis,
Expected Compensation,Erwartete Vergütung,
Expected Skill Set,Erwartete Fähigkeiten,
Expected Skillset,Erwartete Fähigkeiten,
Expense,Aufwand,
Expense Account,Aufwandskonto,
Expense Approver,Spesengenehmiger,
Expense Approver Mandatory In Expense Claim,Auslagengenehmiger in Auslagenabrechnung erforderlich,
Expense Claim,Auslagenabrechnung,
Expense Claim Account,Konto für Auslagenabrechnung,
Expense Claim Advance,Auslagenvorschuss,
Expense Claim Detail,Auslage,
Expense Claim Type,Art der Auslagenabrechnung,
Expense Date,Datum der Auslage,
Expense Proof,Auslagenbeleg,
Expense Taxes and Charges,Steuern und Gebühren,
Expense Type,Auslagenart,
Expenses,Aufwendungen,
Expenses & Advances,Ausgaben & Vorschüsse,
Expire Carry Forwarded Leaves (Days),Verfall Übertragene Abwesenheiten (Tage),
Expired,Verfallen,
Expired Leave(s),Verfallene Abwesenheiten,
Explanation,Erklärung,
Failed,Fehlgeschlagen,
Failure Details,Fehlerdetails,
Feedback,Rückmeldung,
Feedback HTML,Feedback-HTML,
Feedback Ratings,Feedback Bewertungen,
Feedback Reminder Notification Template,Vorlage für Feedback-Erinnerungsbenachrichtigungen,
Feedback Submitted,Feedback eingereicht,
Fetch Geolocation,Standort abrufen,
Field Name,Feldname,
Filled,Besetzt,
Filter Employees,Mitarbeiter filtern,
Filter List,Liste filtern,
Filters,Filter,
Final Decision,Endgültige Entscheidung,
Final Score,Endergebnis,
Final Score Formula,Formel für das Endergebnis,
First Check-in and Last Check-out,Erster Check-in und letzter Check-out,
First Day,Erster Tag,
First Name ,Vorname ,
Fleet Manager,Fuhrpark Manager,
Flexible Benefits,Geldwertevorteile,
Flight,Flug,
Follow via Email,Per E-Mail nachverfolgen,
For Designation ,Für Position ,
For Employee,Für Mitarbeiter,
"For a day of leave taken, if you still pay (say) 50% of the daily salary, then enter 0.50 in this field.","Wenn Sie für einen Abwesenheitstag dennoch (z. B.) 50 % des Tagesgehalts zahlen, geben Sie in diesem Feld 0,50 ein.",
Formula,Formel,
Fortnightly,vierzehntägig,
Fraction of Applicable Earnings ,Bruchteil des anwendbaren Einkommens ,
Fraction of Daily Salary for Half Day,Bruchteil des Tagesgehalts für einen halben Tag,
Fraction of Daily Salary per Leave,Bruchteil des Tagesgehalts pro Abwesenheit,
Frappe Support,Frappe Support,
Frequency,Häufigkeit,
From Amount,Von Menge,
From Date,Von Datum,
From Employee,Von Mitarbeiter,
From Time,Von Zeit,
From User,Von Benutzer,
From(Year),Von (Jahr),
Fuchsia,Fuchsie,
Fuel Price,Kraftstoff-Preis,
Fuel Qty,Kraftstoff-Menge,
Full Name,Vollständiger Name,
Full and Final Statement,Schlussabrechnung,
Fully Sponsored,Vollständig gesponsert,
Funded Amount,Finanzierte Menge,
Future Income Tax,Zukünftige Einkommensteuer,
Geolocation,Geolokalisierung,
Get Employees,Holen Sie sich Mitarbeiter,
Get Job Requisitions,Stellengesuche abrufen,
Get Template,Vorlage aufrufen,
Gluten Free,Gluten-frei,
Goal,Ziel,
Goal Completion (%),Zielerreichung (%),
Goal Score (%),Zielpunktzahl (%),
Goal Score (weighted),Zielpunktzahl (gewichtet),
Goals,Ziele,
Grade,Stufe,
Grand Total,Gesamtbetrag,
Gratuity,Gratifikation,
Gratuity Rule,Gratifikationsregel,
Green,Grün,
Grievance Against,Beschwerde gegen,
Grievance Against Party,Beschwerde gegen Partei,
Grievance Details,Einzelheiten zur Beschwerde,
Grievance Type,Beschwerdetyp,
Gross Pay,Bruttolohn,
Gross Pay (Company Currency),Bruttogehalt (Währung des Unternehmens),
Gross Year To Date,Bruttosumme laufendes Jahr,
Gross Year To Date(Company Currency),Bruttosumme laufendes Jahr (Unternehmenswährung),
HR,Personalwesen,
HR Manager,Personalwesen Leiter,
HR Settings,Einstellungen zum Modul Personalwesen,
HR User,Personalwesen Benutzer,
Half Day,Halbtags,
Half Day Date,Halbtagesdatum,
Half Yearly,Halbjährlich,
Half-Yearly,Halbjährlich,
Has Certificate,Hat Zertifikat,
Health Insurance Name,Krankenversicherung Name,
Help,Hilfe,
Hiring Settings,Einstellungen vornehmen,
Hold,Anhalten,
Holiday List,Feiertagsliste,
Holiday List for Optional Leave,Liste der arbeitsfreien Tage für optionalen Urlaub,
Holidays,Arbeitsfreie Tage,
Hour Rate,Stundensatz,
Hour Rate (Company Currency),Stundensatz (Währung des Unternehmens),
Hours,Std,
IN,Ein,
Identification Document Number,Ausweisnummer,
Identification Document Type,Ausweistyp,
"If checked, Payroll Payable will be booked against each employee","Falls aktiviert, wird die Lohn- und Gehaltsabrechnung für jeden Mitarbeiter einzeln gebucht",
"If checked, hides and disables Rounded Total field in Salary Slips","Wenn diese Option aktiviert ist, wird das Feld &quot;Gerundete Summe&quot; in Gehaltsabrechnungen ausgeblendet und deaktiviert",
"If checked, the full amount will be deducted from taxable income before calculating income tax without any declaration or proof submission.","Wenn diese Option aktiviert ist, wird der gesamte Betrag vom steuerpflichtigen Einkommen abgezogen, bevor die Einkommensteuer ohne Erklärung oder Nachweis berechnet wird.",
"If enabled, Tax Exemption Declaration will be considered for income tax calculation.","Wenn aktiviert, wird die Steuerbefreiungserklärung für die Berechnung der Einkommensteuer berücksichtigt.",
"If enabled, auto attendance will be marked on holidays if Employee Checkins exist","Falls aktiviert, wird die automatische Anwesenheit an arbeitsfreien Tagen markiert, wenn Mitarbeiter-Checkins vorhanden sind",
"If enabled, deducts payment days for absent attendance on holidays. By default, holidays are considered as paid","Falls aktiviert, werden Zahlungstage für Abwesenheit an Feiertagen abgezogen. Standardmäßig werden arbeitsfreie Tage als bezahlt betrachtet",
"If enabled, the component will be considered as a tax component and the amount will be auto-calculated as per the configured income tax slabs","Falls aktiviert, wird die Komponente als Steuerkomponente betrachtet und der Betrag wird automatisch gemäß den konfigurierten Einkommensteuertarifen berechnet",
"If enabled, the component will be considered in the Income Tax Deductions report","Falls aktiviert, wird die Komponente im Bericht Einkommenssteuerabzüge berücksichtigt",
"If enabled, the component will not be displayed in the salary slip if the amount is zero","Falls aktiviert, wird die Komponente nicht in der Gehaltsabrechnung angezeigt, wenn der Betrag Null ist",
"If enabled, the total no. of applications received for this opening will be displayed on the website","Falls aktiviert, wird die Gesamtzahl der eingegangenen Bewerbungen für diese Stelle auf der Website angezeigt",
"If enabled, the value specified or calculated in this component will not contribute to the earnings or deductions. However, it's value can be referenced by other components that can be added or deducted. ","Falls aktiviert, trägt der in dieser Komponente angegebene oder berechnete Wert nicht zu den Einnahmen oder Abzügen bei. Der Wert kann jedoch durch andere Komponenten referenziert werden, die hinzugefügt oder abgezogen werden können. ",
"If enabled, total no. of working days will include holidays, and this will reduce the value of Salary Per Day","Falls aktiviert, werden in der Gesamtzahl der Arbeitstage auch die arbeitsfreien Tage berücksichtigt, wodurch sich das Gehalt pro Tag verringert",
"If not checked, the list will have to be added to each Department where it has to be applied.","Wenn deaktiviert, muss die Liste zu jeder Abteilung, für die sie gelten soll, hinzugefügt werden.",
"If selected, the value specified or calculated in this component will not contribute to the earnings or deductions. However, it's value can be referenced by other components that can be added or deducted. ","Wenn ausgewählt, wird der in dieser Komponente angegebene oder berechnete Wert nicht zu den Erträgen oder Abzügen beitragen. Der Wert kann jedoch durch andere Komponenten referenziert werden, die hinzugefügt oder abgezogen werden können.",
"If set, the job opening will be closed automatically after this date","Falls festgelegt, wird die Stellenausschreibung nach diesem Datum automatisch geschlossen",
Import Attendance,Import von Anwesenheiten,
Import Log,Importprotokoll,
In Process,Während des Fertigungsprozesses,
In Progress,In Bearbeitung,
In Time,Rechtzeitig,
Inactive,Inaktiv,
Incentive,Anreiz,
Incentive Amount,Anreizbetrag,
Include Holidays,Arbeitsfreie Tage einbeziehen,
Include holidays in Total no. of Working Days,Urlaub in die Gesamtzahl der Arbeitstage mit einbeziehen,
Include holidays within leaves as leaves,Urlaube innerhalb von Abwesenheiten als Abwesenheiten mit einbeziehen,
Income Source,Einkommensquelle,
Income Tax Breakup,Aufschlüsselung der Einkommensteuer,
Income Tax Computation,Berechnung der Einkommensteuer,
Income Tax Deducted Till Date,Bis heute abgezogene Einkommensteuer,
Income Tax Deductions,Einkommensteuerabzüge,
Income Tax Slab,Einkommensteuerplatte,
Income Tax Slab Other Charges,Einkommensteuerplatte Sonstige Gebühren,
Income from Other Sources,Einkommen aus anderen Quellen,
"Indicates the number of leaves that cannot be encashed from the leave balance. E.g. with a leave balance of 10 and 4 Non-Encashable Leaves, you can encash 6, while the remaining 4 can be carried forward or expired","Gibt die Anzahl der Abwesenheiten an, die nicht vom Urlaubssaldo ausbezahlt werden können. Z.B. bei einem Urlaubssaldo von 10 und 4 nicht auszahlbaren Abwesenheiten können 6 ausgezahlt werden, während die restlichen 4 übertragen werden oder verfallen können",
Inspection,Kontrolle,
Interest,Zinsen,
Interest Amount,Zinsbetrag,
Interest Income Account,Konto für Zinserträge,
Intermediate,Fortgeschritten,
International,International,
Internet,Internet,
Interview,Bewerbungsgespräch,
Interview Detail,Bewerbungsgesprächsdetail,
Interview Details,Gesprächsdetails,
Interview Feedback,Feedback zum Bewerbungsgespräch,
Interview Reminder Notification Template,Vorlage für Erinnerungsbenachrichtigung an Bewerbungsgespräch,
Interview Round,Bewerbungsgesprächsrunde,
Interview Summary,Zusammenfassung des Bewerbungsgesprächs,
Interview Type,Bewerbungsgesprächstyp,
Interviewer,Befrager,
Interviewers,Befrager,
Introduction,Einleitung,
Invalid,Ungültig,
Investigated,Untersucht,
Investigation Details,Untersuchungsdetails,
Invited,Eingeladen,
Invoice Ref,Rechnung Ref,
Is Active,Ist aktiv(iert),
Is Applicable for Referral Bonus,Gilt für Empfehlungsbonus,
Is Carry Forward,Ist Übertrag,
Is Compensatory,Ist kompensatorisch,
Is Default,Ist Standard,
Is Earned Leave,Ist verdiente Abwesenheit,
Is Expired,Ist abgelaufen,
Is Flexible Benefit,Ist flexibler Nutzen,
Is Group,Ist Gruppe,
Is Income Tax Component,Ist Einkommensteuerkomponente,
Is Leave Without Pay,Ist unbezahlte Abwesenheit,
Is Mandatory,Ist obligatorisch,
Is Optional Leave,Ist optional,
Is Paid,Ist bezahlt,
Is Partially Paid Leave,Ist teilweise bezahlt,
Is Recurring,Wiederholt sich,
Is Recurring Additional Salary,Ist wiederkehrendes Zusatzgehalt,
Is Salary Released,Gehalt freigegeben,
Is Salary Withheld,Gehalt zurückgehalten,
Is Tax Applicable,Ist steuerpflichtig,
Job Applicant,Bewerber,
Job Applicant Source,Bewerber-Quelle,
Job Description,Tätigkeitsbeschreibung,
Job Offer,Jobangebot,
Job Offer Term,Bewerbungsfrist (?),
Job Offer Terms,Stellenangebot Bedingungen,
Job Opening,Stellenausschreibung,
Job Requisition,Stellengesuch,
Job Title,Stellenbezeichnung,
"Job profile, qualifications required etc.","Stellenbeschreibung, erforderliche Qualifikationen usw.",
Joining Date,Beitrittsdatum,
Journal Entry,Buchungssatz,
KRA,KRA,
KRA Evaluation Method,KRA-Bewertungsmethode,
KRA vs Goals,KRA vs. Ziele,
KRAs,KRAs,
Key Performance Area,Entscheidender Leistungsbereich,
Key Responsibility Area,Entscheidender Verantwortungsbereich,
Key Result Area,Key Result Area,
Keyboard Shortcuts,Tastaturkürzel,
Last Day,Letzter Tag,
Last Known Successful Sync of Employee Checkin. Reset this only if you are sure that all Logs are synced from all the locations. Please don't modify this if you are unsure.,"Letzte bekannte erfolgreiche Synchronisierung des Eincheckens von Mitarbeitern. Setzen Sie dies nur zurück, wenn Sie sicher sind, dass alle Protokolle von allen Speicherorten synchronisiert wurden. Bitte ändern Sie dies nicht, wenn Sie sich nicht sicher sind.",
Last Name,Nachname,
Last Odometer Value ,Letzter Kilometerzählerstand ,
Last Sync of Checkin,Letzte Synchronisierung des Eincheckens,
Late Entry,Späte Einreise,
Late Entry Grace Period,Nachfrist,
Latitude,Breite,
Leave,Verlassen,
Leave Allocation,Abwesenheitskontingent,
Leave Allocations,Abwesenheitskontingente,
Leave Application,Urlaubsantrag,
Leave Approval Notification Template,Email-Vorlage für Benachrichtigung über neuen Urlaubsantrag,
Leave Approver,Abwesenheitsgenehmiger,
Leave Approver Mandatory In Leave Application,Berechtigungsauslöser in Abwesenheitsanwendung auslassen,
Leave Approver Name,Name des Abwesenheitsgenehmigers,
Leave Balance,Abwesenheitssaldo,
Leave Balance Before Application,Abwesenheitssaldo vor Antrag,
Leave Block List,Urlaubssperrenliste,
Leave Block List Allow,Urlaubssperrenliste zulassen,
Leave Block List Allowed,Urlaubssperrenliste zugelassen,
Leave Block List Date,Urlaubssperrenliste Datum,
Leave Block List Dates,Urlaubssperrenliste Termine,
Leave Block List Name,Name der Urlaubssperrenliste,
Leave Control Panel,Urlaubsverwaltung,
Leave Details,Abwesenheiten Details,
Leave Encashment,Einlösung gewähren,
Leave Encashment Amount Per Day,Hinterlegen Sie den Einzahlungsbetrag pro Tag,
Leave Ledger,Abwesenheitsbuch,
Leave Ledger Entry,Ledger-Eintrag verlassen,
Leave Period,Urlaubszeitraum,
Leave Policy,Urlaubsrichtlinie,
Leave Policy Assignment,Abwesenheitsrichtlinien Zuordnung,
Leave Policy Detail,Urlaubsrichtliniendetail,
Leave Policy Details,Urlaubsrichtliniendetails,
Leave Status Notification Template,Email-Vorlage für Statusänderung eines Urlaubsantrags,
Leave Type,Abwesenheitstyp,
Leave Type Name,Bezeichnung der Abwesenheit,
Leave Without Pay,Unbezahlter Urlaub,
Leave and Expense Claim Settings,Einstellungen für Abwesenheiten und Auslagenabrechnungen,
Leave(s) Pending Approval,Urlaubstage zur Genehmigung ausstehend,
Leaves,Abwesenheiten,
Leaves Allocated,Zugeordnete Abwesenheiten,
Left,Entlassen,
Letter Head,Briefkopf,
Level,Ebene,
License Plate,Nummernschild,
Lime,Limette,
Link the cycle and tag KRA to your goal to update the appraisal's goal score based on the goal progress,"Verknüpfen Sie den Zyklus und markieren Sie das KRA mit Ihrem Ziel, um den Zielwert der Beurteilung auf der Grundlage des Zielfortschritts zu aktualisieren",
Loan,Darlehen,
Loan Account,Darlehenskonto,
Loan Product,Darlehensprodukt,
Loan Repayment Entry,Kreditrückzahlungseintrag,
Location,Ort,
Location / Device ID,Standort / Geräte-ID,
Location Name,Standortname,
Lodging Required,Unterkunft erforderlich,
Log Type,Protokolltyp,
Log out,Abmelden,
Longitude,Längengrad,
Lower Range,Unterer Bereich,
Make,Erstellen,
Manual,Manuell,
Manual Rating,Manuelle Bewertung,
Mark Auto Attendance on Holidays,Automatische Anwesenheit an arbeitsfreien Tagen markieren,
Mark attendance based on 'Employee Checkin' for Employees assigned to this shift.,"Markieren Sie die Anwesenheit basierend auf dem &quot;Einchecken von Mitarbeitern&quot; für Mitarbeiter, die dieser Schicht zugeordnet sind.",
Marked Attendance,Marked Teilnahme,
Marked Attendance HTML,Marked Teilnahme HTML,
Max Amount Eligible,Maximal zulässiger Betrag,
Max Benefit Amount,Max. Leistungsbetrag,
Max Benefit Amount (Yearly),Max Nutzbetrag (jährlich),
Max Benefits (Amount),Max Vorteile (Betrag),
Max Benefits (Yearly),Max Vorteile (jährlich),
Max Exemption Amount,Maximaler Ausnahmebetrag,
Max Taxable Income,Max steuerpflichtiges Einkommen,
Max working hours against Timesheet,Max Arbeitszeit gegen Stundenzettel,
Maximum Carry Forwarded Leaves,Maximale Anzahl übertragener Abwesenheiten,
Maximum Consecutive Leaves Allowed,Maximal erlaubte aufeinanderfolgende Abwesenheiten,
Maximum Encashable Leaves,Maximal auszahlbare Abwesenheiten,
Maximum Exempted Amount,Maximal freigestellter Betrag,
Maximum Exemption Amount,Maximaler Ausnahmebetrag,
Meal Preference,Mahlzeit Präferenz,
Message,Nachricht,
Mileage,Kilometerstand,
Min Taxable Income,Min steuerpflichtiges Einkommen,
Minimum Year for Gratuity,Mindestjahr für die Abfindung,
Mode Of Payment,Zahlungsweise,
Mode of Payment,Zahlungsweise,
Mode of Travel,Art des Reisens,
Model,Modell,
Month,Monat,
Month To Date,Laufender Monat,
Month To Date(Company Currency),Laufender Monat (Unternehmenswährung),
Monthly,Monatlich,
Monthly Attendance Sheet,Monatliche Anwesenheitsliste,
More Info,Weitere Informationen,
Name,Name,
Name of Organizer,Name des Veranstalters,
Naming Series,Nummernkreis,
Net Pay,Nettolohn,
Net Pay (Company Currency),Nettogehalt (Währung des Unternehmens),
Net Pay Info,Infos zum Nettogehalt,
New,Neu,
New Company,Neues Unternehmen,
New Employee ID,Neue Mitarbeiter-ID,
New Leaves Allocated,Neue Urlaubszuordnung,
New Leaves Allocated (In Days),Neue Urlaubszuordnung (in Tagen),
New shift assignments will be created after this date.,Neue Schichtzuweisungen werden nach diesem Datum erstellt.,
No,Nein,
No of. Positions,Anzahl Stellen,
Non Diary,Nicht Tagebuch,
Non Taxable Earnings,Nicht steuerpflichtiges Einkommen,
Non-Encashable Leaves,Nicht-auszahlbarer Urlaub,
Non-Vegetarian,Kein Vegetarier,
Not Started,Nicht begonnen,
Note: Shift will not be overwritten in existing attendance records,Hinweis: Die Schicht wird in vorhandenen Anwesenheitsdatensätzen nicht überschrieben,
Notes,Anmerkungen,
Notify users by email,Benutzer per E-Mail benachrichtigen,
Number Of Employees,Anzahl Angestellter,
Number Of Positions,Anzahl der Positionen,
Number of Withholding Cycles,Anzahl der Einbehaltungszyklen,
Number of leaves eligible for encashment based on leave type settings,"Anzahl der Abwesenheiten, die für die Einlösung in Frage kommen, basierend auf den Einstellungen der Abwesenheitsart",
OUT,AUS,
Obtained Average Rating,Erreichte durchschnittliche Bewertung,
Odometer Reading,Tachostand,
Off-shift,Außerhalb der Schicht,
Offer Date,Angebotsdatum,
Offer Term,Angebotsfrist,
Offer Terms,Angebotsbedingungen,
Old Parent,Alte übergeordnetes Element,
On Duty,Im Dienst,
On Hold,Zurückgestellt,
On Leave,Im Urlaub,
Onboarding Activities,Onboarding-Aktivitäten,
Onboarding Begins On,Das Onboarding beginnt am,
Only Tax Impact (Cannot Claim But Part of Taxable Income),Nur Steuerauswirkungen (Anspruch auf einen Teil des zu versteuernden Einkommens),
Open,Offen,
Open & Approved,Offen & Genehmigt,
Opening Balances,Eröffnungssaldo,
Orange,Orange,
Organizational Chart,Organigramm,
Other Details,Andere Details,
Other Settings,Weitere Einstellungen,
Other Taxes and Charges,Sonstige Steuern und Abgaben,
Out of 5,Von 5,
Overview,Übersicht,
Overwrite Salary Structure Amount,Gehaltsstruktur überschreiben,
Owned,Besitzt,
PWA Notification,PWA-Benachrichtigung,
Paid,Bezahlt,
Paid Amount,Gezahlter Betrag,
Paid via Salary Slip,Bezahlt per Gehaltsabrechnung,
Parent Goal,Übergeordnetes Ziel,
"Partially Sponsored, Require Partial Funding","Teilweise gesponsert, erfordern Teilfinanzierung",
Partly Claimed and Returned,Teilweise beansprucht und zurückgegeben,
Passport Number,Passnummer,
Password Policy,Kennwortrichtlinie,
Pay Against Benefit Claim,Zahlung gegen Leistungsanspruch,
Pay via Salary Slip,Via Gehaltsabrechnung zahlen,
Payable Account,Verbindlichkeiten-Konto,
Payables,Verbindlichkeiten,
Payment Account,Zahlungskonto,
Payment Days,Zahlungsziel,
Payment Days Calculation Help,Hilfe zur Berechnung der Zahlungstage,
Payment Entry,Zahlung,
Payment and Accounting,Zahlung und Buchhaltung,
Payroll,Lohn-und Gehaltsabrechnung,
Payroll Cost Centers,Kostenstellen für die Gehaltsabrechnung,
Payroll Date,Abrechnungsdatum,
Payroll Employee Detail,Personalabrechnung Mitarbeiter Detail,
Payroll Entry,Personalabrechnung,
Payroll Frequency,Lohnabrechnungszeitraum,
Payroll Info,Infos zur Gehaltsabrechnung,
Payroll Payable Account,Konto für Verbindlichkeiten aus Lohn und Gehalt,
Payroll Period,Abrechnungsperiode,
Payroll Period Date,Abrechnungsperiodatum,
Payroll Periods,Abrechnungsperioden,
Payroll Settings,Einstellungen zur Gehaltsabrechnung,
Pending,Ausstehend,
Pending (unpaid) amount from previous advances,Ausstehender (unbezahlter) Betrag aus früheren Vorschüssen,
Pending Amount,Ausstehender Betrag,
Percent,Prozent,
Percent Deduction,Prozentabzug,
Percentage (%),Prozentsatz (%),
Phone Number,Telefonnummer,
Pink,Rosa,
Planned number of Positions,Geplante Anzahl von Positionen,
Posted On,Gepostet am,
Posting Date,Buchungsdatum,
Posting date,Buchungsdatum,
Preferred Area for Lodging,Bevorzugte Wohngegend,
Present,Anwesend,
Prevent self approval for leaves even if user has permissions,"Verhindert die Selbstgenehmigung für Urlaub, auch wenn der Benutzer über die entsprechenden Berechtigungen verfügt.",
Print Heading,Druck-Kopfzeile,
Printing Details,Druckdetails,
Process Attendance After,Anwesenheit verarbeiten nach,
Process Shift Requests,Schichtanfragen verarbeiten,
Professional Tax Deductions,Gewerbliche Steuerabzüge,
Proficiency,Kompetenz,
Progress,Fortschritt,
Project,Projekt,
Promotion Date,Aktionsdatum,
Property,Eigenschaft,
Provident Fund Deductions,Provident Fund Abzüge,
Publish Applications Received,Anzahl der eingegangenen Bewerbungen veröffentlichen,
Publish Salary Range,Lohnspanne veröffentlichen,
Publish on website,Veröffentlichen Sie auf der Website,
Purpose,Zweck,
Purpose & Amount,Zweck & Betrag,
Purpose of Travel,Zweck der Reise,
Quarterly,Quartalsweise,
Questionnaire Email Sent,Fragebogen per E-Mail gesendet,
Queued,In der Warteschlange,
Quick Filters,Schnellfilter,
Radius within which check-in is allowed (in meters),"Radius, innerhalb dessen der Check-in erlaubt ist (in Meter)",
Raised By,Gemeldet von,
Rate,Einzelpreis,
Rate Goals Manually,Ziele manuell bewerten,
Rating,Bewertung,
Rating Criteria,Bewertungskriterien,
Ratings,Bewertungen,
Re-allocate Leaves,Abwesenheiten neu zuteilen,
Read,Lesen,
Reason,Grund,
Reason for Requesting,Grund der Anfrage,
Reason for Withholding Salary,Grund für die Einbehaltung des Gehalts,
Receivables,Forderungen,
Recommended for a single biometric device / checkins via mobile app,Empfohlen für ein einzelnes biometrisches Gerät / Check-ins über eine mobile App,
Recruitment Analytics,Rekrutierungsanalyse,
Red,Rot,
Reference,Referenz,
Reference Document,Referenz,
Reference Document Name,Name des Referenzdokuments,
Reference Document Type,Referenz-Dokumententyp,
References,Referenzen,
Referral Bonus Payment Status,Empfehlungsbonus Zahlungsstatus,
Referral Details,Empfehlungsdetails,
Referrer,Referrer,
Referrer Details,Details zum Empfehler,
Referrer Name,Name des Empfehlers,
Refuelling Details,Betankungs Einzelheiten,
Reject,Ablehnen,
Rejected,Abgelehnt,
Released,Freigegeben,
Relieving Date,Freistellungsdatum,
Relieving Date ,Freistellungsdatum ,
Reload,Neu laden,
Remaining Benefits (Yearly),Verbleibende Vorteile (jährlich),
Remark,Bemerkung,
Remarks,Anmerkungen,
Remind Before,Vorher erinnern,
Reminded,Erinnert,
Reminder,Erinnerung,
Reminders,Erinnerungen,
Remove if Zero Valued,"Entfernen, wenn der Wert Null ist",
Rented Car,Gemietetes Auto,
Repay Unclaimed Amount from Salary,Nicht in Anspruch genommene Beträge vom Gehalt zurückzahlen,
Repeat On Days,An Tagen wiederholen,
Replied,Beantwortet,
Reports To,Berichtet an,
Requested By,Angefordert von,
Requested By (Name),Angefordert von (Name),
Require Full Funding,Erfordern vollständige Finanzierung,
Required for Employee Creation,Erforderlich für die Mitarbeitererstellung,
Resignation Letter Date,Datum des Kündigungsschreibens,
Resolution Date,Datum der Entscheidung,
Resolution Details,Details zur Entscheidung,
Resolved,Geklärt,
Resolved By,Entschieden von,
Restrict Backdated Leave Application,Rückdatierte Abwesenheitsanträge einschränken,
Result,Ergebnis,
Resume,Fortsetzen,
Resume Attachment,Resume-Anlage,
Resume Link,Link zum Lebenslauf,
Resume link,Link zum Lebenslauf,
Retention Bonus,Aufbewahrungsbonus,
Retirement Age (In Years),Renteneintrittsalter (in Jahren),
Return,Retoure,
Returned,Zurückgeschickt,
Returned Amount,Rückgabebetrag,
Reviewer Name,Name des Überprüfers,
Right,Rechts,
Role,Rolle,
Role Allowed to Create Backdated Leave Application,Berechtigte Rolle zum Erstellen eines zurückdatierten Urlaubsantrags,
Roster Color,Dienstplanfarbe,
Round Name,Rundenname,
Round off Work Experience,Berufserfahrung abrunden,
Round to the Nearest Integer,Runde auf die nächste Ganzzahl,
Rounded Total,Gerundete Gesamtsumme,
Rounded Total (Company Currency),Gerundete Gesamtsumme (Firmenwährung),
Rounding,Rundung,
Route,Pfad,
Route to the custom Job Application Webform,Pfad zum benutzerdefinierten Webformular für die Stellenbewerbung,
Rules,Regeln,
Salary,Gehalt,
Salary Component,Gehaltskomponente,
Salary Component ,Gehaltskomponente ,
Salary Component Account,Gehaltskomponente Account,
Salary Component Type,Gehalt Komponententyp,
Salary Component for timesheet based payroll.,Gehaltskomponente für Zeiterfassung basierte Abrechnung.,
Salary Currency,Gehaltswährung,
Salary Detail,Gehalt Details,
Salary Details,Gehaltsdetails,
Salary Expectation,Gehaltserwartung,
Salary Paid Per,Gehalt Bezahlt Pro,
Salary Payments Based On Payment Mode,Gehaltszahlungen basierend auf dem Zahlungsmodus,
Salary Payments via ECS,Gehaltszahlungen über ECS,
Salary Register,Gehalt Register,
Salary Slip,Gehaltsabrechnung,
Salary Slip Based on Timesheet,Gehaltsabrechnung Basierend auf Timesheet,
Salary Slip Loan,Gehaltsabrechnung Vorschuss,
Salary Slip Timesheet,Gehaltszettel Timesheet,
Salary Slips Created,Lohnzettel erstellt,
Salary Slips Submitted,Gehaltszettel eingereicht,
Salary Structure,Gehaltsstruktur,
Salary Structure Assignment,Zuordnung der Gehaltsstruktur,
Salary Withholding,Gehaltseinbehalt,
Salary Withholding Cycle,Zyklus der Gehaltseinbehaltung,
Salary breakup based on Earning and Deduction.,Gehaltsaufteilung nach Einkommen und Abzügen.,
Salary components should be part of the Salary Structure.,Gehaltskomponenten sollten Teil der Gehaltsstruktur sein.,
Sanctioned Amount,Genehmigter Betrag,
Scheduled,Geplant,
Scheduled On,Geplant am,
Score (0-5),Punktzahl (0-5),
Score Earned,Erreichte Punktzahl,
Select Employees,Mitarbeiter auswählen,
Select Payment Account to make Bank Entry,Wählen Sie ein Zahlungskonto für die Buchung,
Select Terms and Conditions,Bitte Geschäftsbedingungen auswählen,
Select Users,Wählen Sie Benutzer aus,
Select this if you want shift assignments to be automatically created indefinitely.,"Wählen Sie diese Option, wenn Sie möchten, dass Schichtzuweisungen automatisch auf unbestimmte Zeit erstellt werden.",
Self Appraisal,Selbstbeurteilung,
Self-Study,Selbststudium,
Send Emails At,Die E-Mails senden um,
Send Interview Feedback Reminder,Erinnerung an Vorstellungsgesprächs-Feedback senden,
Send Interview Reminder,Erinnerung an Vorstellungsgespräch senden,
Send Leave Notification,Abwesenheitsbenachrichtigung senden,
Sender,Absender,
Sender Email,Absender E-Mail,
Sent,Gesendet,
Separation Activities,Trennungsaktivitäten,
Separation Begins On,Die Trennung beginnt am,
Series,Nummernkreis,
Service,Dienst,
Service Details,Wartungsdetails,
Service Item,Wartungsartikel,
Session Defaults,Sitzungsstandards,
"Set ""From(Year)"" and ""To(Year)"" to 0 for no upper and lower limit.","Setzen Sie „Von (Jahr)“ und „Bis (Jahr)“ auf 0, um die Ober- und Untergrenze zu deaktivieren.",
Set Assignment Details,Zuweisungsdetails festlegen,
Set Leave Details,Details zur Abwesenheit einstellen,
Set filters to fetch employees,Filter zum Abrufen von Mitarbeitern festlegen,
Set opening balances for earnings and taxes from the previous employer,Eröffnungssalden für Verdienste und Steuern des vorherigen Arbeitgebers festlegen,
Set optional filters to fetch employees in the appraisee list,"Legen Sie optionale Filter fest, um Mitarbeiter in der Beurteilungsliste zu finden",
Set the frequency for holiday reminders,Häufigkeit von Feiertagserinnerungen,
Set the properties that should be updated in the Employee master on promotion submission,"Legen Sie die Eigenschaften fest, die im Mitarbeiterstamm bei der Buchung einer Beförderung aktualisiert werden sollen",
Settings,Einstellungen,
Settled,Erledigt,
Shift,Schicht,
Shift Actual End,Tatsächliches Ende verschieben,
Shift Actual Start,Tatsächlichen Start verschieben,
Shift Assignment,Schicht-Zuordnung,
Shift Assignment Details,Details zur Schichtzuweisung,
Shift Assignment Tool,Tool zur Schichtzuweisung,
Shift Attendance,Anwesenheit in der Schicht,
Shift Details,Shicht-Details,
Shift End,Schichtende,
Shift Location,Standort der Schicht,
Shift Request,Schichtanforderung,
Shift Request Filters,Filter für Schichtanfragen,
Shift Requests ending before this date will be excluded.,"Schichtanfragen, die vor diesem Datum enden, werden nicht berücksichtigt.",
Shift Requests starting after this date will be excluded.,"Schichtanfragen, die nach diesem Datum beginnen, werden nicht berücksichtigt.",
Shift Schedule,Zeitplan für die Schicht,
Shift Settings,Schichteinstellungen,
Shift Start,Schichtstart,
Shift Status,Schichtstatus,
Shift Timings,Schichtzeiten,
Shift Type,Schicht-Art,
Show Leave Balances in Salary Slip,Abwesenheiten in der Gehaltsabrechnung anzeigen,
Show Leaves Of All Department Members In Calendar,Abwesenheiten aller Abteilungsmitglieder im Kalender anzeigen,
Skill,Fertigkeit,
Skill Assessment,Bewertung der Fähigkeiten,
Skill Name,Name der Fertigkeit,
Skills,Fertigkeiten,
Skip Auto Attendance,Automatische Teilnahme überspringen,
Slack,Slack,
Source,Quellcode,
Source Name,Quellenname,
Source and Rating,Quelle und Bewertung,
Sponsored Amount,Gesponserte Menge,
Staffing Details,Personalplanung Details,
Staffing Plan,Personalplanung,
Staffing Plan Detail,Personalplanung Detail,
Standard Tax Exemption Amount,Standard Steuerbefreiungsbetrag,
Standard Working Hours,Standard-Arbeitszeiten,
Start Date,Startdatum,
Start Time,Startzeit,
Statistical Component,Statistische Komponente,
Status,Status,
Status for Other Half,Status für die andere Hälfte,
Stop users from making Leave Applications on following days.,"Benutzer davon abhalten, Urlaubsanträge für folgende Tage einzureichen.",
Strictly based on Log Type in Employee Checkin,Streng basierend auf dem Protokolltyp beim Einchecken von Mitarbeitern,
Subject,Betreff,
Submission Date,Abgabetermin,
Submitted,Gebucht,
Supplier,Lieferant,
System Health,Systemgesundheit,
System Manager,System-Manager,
Task,Vorgang,
Task Weight,Gewichtung der Aufgabe,
Tax Deducted Till Date,Abgezogene Steuern bis Datum,
Tax Exemption Category,Steuerbefreiungskategorie,
Tax Exemption Declaration,Erklärung zur Steuerbefreiung,
Tax Exemption Proofs,Steuerbefreiungsbeweise,
Tax on additional salary,Steuer auf zusätzliches Gehalt,
Tax on flexible benefit,Steuer auf flexiblen Vorteil,
Taxable Earnings Till Date,Steuerpflichtiges Einkommen bis heute,
Taxable Salary Slab,Steuerbare Lohnplatte,
Taxable Salary Slabs,Steuerbare Lohnplatten,
Taxes & Charges,Steuern & Abgaben,
Taxes and Charges on Income Tax,Steuern und Abgaben auf die Einkommensteuer,
Taxi,Taxi,
Team Updates,Team-Updates,
Template Name,Vorlagenname,
Terms,Geschäftsbedingungen,
Terms and Conditions,Allgemeine Geschäftsbedingungen,
The date on which Salary Component with Amount will contribute for Earnings/Deduction in Salary Slip. ,"Das Datum, an dem die Gehaltskomponente mit dem Betrag zum Verdienst/Abzug in der Gehaltsabrechnung beitragen wird. ",
The day of the month when leaves should be allocated,"Der Tag des Monats, an dem Abwesenheiten zugeteilt werden sollen",
The fraction of daily wages to be paid for half-day attendance,"Der Bruchteil des Tageslohns, der für die halbtägige Anwesenheit zu zahlen ist",
"The salary slip emailed to the employee will be password protected, the password will be generated based on the password policy.","Die Gehaltsabrechnung, die per E-Mail an den Mitarbeiter gesendet wird, ist passwortgeschützt. Das Passwort wird basierend auf der Passwortrichtlinie generiert.",
The time after the shift start time when check-in is considered as late (in minutes).,"Die Zeit nach dem Schichtstart, zu der der Check-in als verspätet gilt (in Minuten).",
The time before the shift end time when check-out is considered as early (in minutes).,"Die Zeit vor dem Schichtende, zu der der Check-out als früh angesehen wird (in Minuten).",
The time before the shift start time during which Employee Check-in is considered for attendance.,"Die Zeit vor dem Schichtbeginn, in der der Mitarbeiter-Check-in für die Anwesenheit berücksichtigt wird.",
Theory,Theorie,
"These leaves are holidays permitted by the company however, availing it is optional for an Employee.","Diese Abwesenheiten sind vom Unternehmen genehmigte Urlaubstage, deren Inanspruchnahme dem Arbeitnehmer jedoch freigestellt ist.",
Time,Zeit,
Time Sheet,Zeitblatt,
Time after the end of shift during which check-out is considered for attendance.,"Zeit nach Schichtende, in der der Check-out für die Anwesenheit in Betracht gezogen wird.",
Time taken to fill the open positions,Zeitaufwand für die Besetzung der offenen Stellen,
Time to Fill,Zeit zum Besetzen,
Timelines,Zeitleisten,
Timesheet Details,Stundenzettel Details,
Title,Bezeichnung,
To Amount,Zu Betrag,
To Date,Bis Datum,
To Time,Bis Uhrzeit,
To User,An Benutzer,
To(Year),Bis (Jahr),
Toggle Full Width,Breite wechseln,
Toggle Theme,Theme wechseln,
Total,Summe,
Total Actual Amount,Tatsächlicher Gesamtbetrag,
Total Advance Amount,Anzahlungen (gesamt),
Total Allocated Leave(s),Gesamte zugewiesene Urlaubstage,
Total Amount,Gesamtsumme,
Total Amount Reimbursed,Gesamterstattungsbetrag,
Total Claimed Amount,Gesamtforderung,
Total Declared Amount,Gesamter deklarierter Betrag,
Total Deduction,Gesamtabzug,
Total Deduction (Company Currency),Gesamtabzug (Währung des Unternehmens),
Total Earning,Gesamteinnahmen,
Total Earnings,Gesamtverdienst,
Total Estimated Budget,Geschätztes Gesamtbudget,
Total Estimated Cost,Geschätzte Gesamtkosten,
Total Exemption Amount,Gesamtbefreiungsbetrag,
Total Goal Score,Gesamt-Zielpunktzahl,
Total Income Tax,Einkommensteuer Gesamt,
Total Leave Days,Urlaubstage insgesamt,
Total Leaves Allocated,Insgesamt zugewiesene Urlaubstage,
Total Leaves Encashed,Ausbezahlte Abwesenheiten insgesamt,
Total Payable Amount,Gesamter zu zahlender Betrag,
Total Payment,Gesamte Zahlung,
Total Receivable Amount,Gesamtforderungsbetrag,
Total Sanctioned Amount,Summe genehmigter Beträge,
Total Score,Gesamtpunktzahl,
Total Self Score,Gesamt-Selbstpunktzahl,
Total Taxes and Charges,Gesamte Steuern und Gebühren,
Total Working Hours,Gesamtarbeitszeit,
Total in words,Summe in Worten,
Total in words (Company Currency),Gesamtbetrag in Worten (Unternehmenswährung),
Total salary booked against this component for this employee from the beginning of the year (payroll period or fiscal year) up to the current salary slip's end date.,"Gesamtgehalt, das für diesen Mitarbeiter vom Jahresbeginn (Lohnabrechnungsperiode oder Geschäftsjahr) bis zum Enddatum der aktuellen Gehaltsabrechnung mit dieser Komponente verbucht wurde.",
Total salary booked for this employee from the beginning of the month up to the current salary slip's end date.,Gesamtes für diesen Mitarbeiter gebuchtes Gehalt vom Monatsanfang bis zum Enddatum der aktuellen Gehaltsabrechnung.,
Total salary booked for this employee from the beginning of the year (payroll period or fiscal year) up to the current salary slip's end date.,Das gesamte für diesen Mitarbeiter gebuchte Gehalt vom Jahresbeginn (Abrechnungsperiode oder Geschäftsjahr) bis zum Enddatum der aktuellen Gehaltsabrechnung.,
Total working Days Per Year,Gesamtarbeitstage pro Jahr,
Totals,Summen,
Train,Zug,
Trainer Email,Trainer E-Mail,
Trainer Name,Trainer-Name,
Training,Ausbildung,
Training Date,Trainingsdatum,
Training Event,Schulungsveranstaltung,
Training Event Employee,Schulungsveranstaltung Mitarbeiter,
Training Feedback,Feedback zur Weiterbildung,
Training Program,Trainingsprogramm,
Training Result,Trainingsergebnis,
Training Result Employee,Trainingsergebnis Mitarbeiter,
Trainings,Schulungen,
Transaction Date,Transaktionsdatum,
Transaction Name,Transaktionsname,
Transaction Type,Art der Transaktion,
Transfer Date,Überweisungsdatum,
Travel Advance Required,Reisevorauszahlung erforderlich,
Travel From,Reisen von,
Travel Funding,Reisefinanzierung,
Travel Itinerary,Reiseverlauf,
Travel Request,Reiseantrag,
Travel Request Costing,Reiseanfrage Kosten,
Travel To,Reisen nach,
Travel Type,Reiseart,
Type,Typ,
Type of Proof,Art des Nachweises,
Unclaimed Amount,Nicht in Anspruch genommener Betrag,
Under Review,Wird überprüft,
Unlink Payment,Zahlungsverknüpfung aufheben,
Unmarked days,Nicht markierte Tage,
Unpaid,Unbezahlt,
Unpaid Expense Claim,Ungezahlte Auslagenabrechnung,
Unsettled,Nicht abgewickelt,
Unused leaves,Ungenutzter Urlaub,
Upload Attendance,Anwesenheit hochladen,
Upload HTML,HTML hochladen,
Upper Range,Upper Range,
Used Leave(s),Verbrauchte Urlaubstage,
User,Benutzer,
User Settings,Benutzereinstellungen,
Users,Benutzer,
Vacancies,Stellenangebote,
Validate Attendance,Teilnahme bestätigen,
Value / Description,Wert / Beschreibung,
Variable,Variable,
Variable Based On Taxable Salary,Variable basierend auf dem steuerpflichtigen Gehalt,
Vegetarian,Vegetarier,
Vehicle Log,Fahrzeug Log,
Vehicle Service,Fahrzeug-Service,
Vehicle Service Item,Fahrzeug-Serviceartikel,
View Website,Webseite anzeigen,
Violet,Violett,
Weekly,Wöchentlich,
Weightage (%),Gewichtung (%),
"When set to 'Inactive', employees with conflicting active shifts will not be excluded.","Wenn die Einstellung auf „Inaktiv“ festgelegt ist, werden Mitarbeiter mit kollidierenden aktiven Schichten nicht ausgeschlossen.",
Why is this Candidate Qualified for this Position?,Warum ist dieser Kandidat für diese Position qualifiziert?,
Withheld,Einbehalten,
Work Anniversaries ,Arbeitsjubiläen ,
Work End Date,Arbeitsenddatum,
Work Experience Calculation Method,Methode zur Berechnung der Berufserfahrung,
Work From Date,Arbeit von Datum,
Work From Home,Von zuhause aus arbeiten,
Work References,Arbeitsreferenzen,
Worked On Holiday,Im Urlaub gearbeitet,
Workflow State,Workflow-Status,
Working Days,Arbeitstage,
Working Days and Hours,Arbeitstage und -stunden,
Working Hours,Arbeitszeiten,
Working Hours Calculation Based On,Arbeitszeitberechnung basierend auf,
Working Hours Threshold for Absent,Arbeitszeitschwelle für Abwesenheit,
Working Hours Threshold for Half Day,Arbeitszeitschwelle für halben Tag,
Working hours below which Absent is marked. (Zero to disable),"Arbeitszeit, unter der Abwesend markiert ist. (Null zu deaktivieren)",
Working hours below which Half Day is marked. (Zero to disable),"Arbeitszeit, unter der der halbe Tag markiert ist. (Null zu deaktivieren)",
Workshop,Werkstatt,
Workspace Settings,Arbeitsbereich Einstellungen,
Year,Jahr,
Year To Date,Laufendes Jahr,
Year To Date(Company Currency),Laufendes Jahr (Unternehmenswährung),
Yearly,Jährlich,
Yellow,Gelb,
Yes,Ja,
email,E-Mail,
