<b>Example:</b> SAL-{first_name}-{date_of_birth.year} <br>This will generate a password like SAL-Jane-1972,<b>مثال:</b> SAL-{first_name}-{date_of_birth.year} <br>این یک گذرواژه مانند SAL-Jane-1972 ایجاد می‌کند,
Abbr,مخفف,
About,درباره,
Absent,غایب,
Absent Days,روزهای غیبت,
Academics User,کاربر دانشگاهی,
Accepted,پذیرفته شده,
Account,حساب,
Account Head,سرفصل حساب,
Accounting,حسابداری,
Accounting & Payment,حسابداری و پرداخت,
Accounting Details,جزئیات حسابداری,
Accounting Dimensions,ابعاد حسابداری,
Accounts,حساب ها,
Action,اقدام,
Active,فعال,
Activities,فعالیت ها,
Activity Name,نام فعالیت,
Actual Amount,مبلغ واقعی,
Actual Cost,هزینه واقعی,
Actual Encashable Days,روزهای واقعی قابل بازخرید,
Add Day-wise Dates,افزودن تاریخ‌ها بر اساس روز,
Add unused leaves from previous allocations,افزودن مرخصی‌های استفاده نشده از تخصیص های قبلی,
Add unused leaves from previous leave period's allocation to this allocation,مرخصی‌های استفاده نشده از تخصیص دوره مرخصی قبلی را به این تخصیص اضافه کنید,
Added On,اضافه شده در,
Additional Amount,مبلغ اضافی,
Additional Information , اطلاعات تکمیلی,
Additional Salary,حقوق اضافی,
Additional Salary , حقوق اضافی,
Address of Organizer,آدرس سازمان دهنده,
Advance,پیشرفت,
Advance Account,پیش حساب,
Advance Amount,مبلغ پیش پرداخت,
Advance Paid,پیش پرداخت شده,
Advance Payment,پیش پرداخت,
Advance Payments,پیش پرداخت,
Advanced Filters,فیلترهای پیشرفته,
Advances,پیش پرداخت ها,
All,همه,
Allocate Based On Leave Policy,تخصیص بر اساس سیاست مرخصی,
Allocate on Day,اختصاص در روز,
Allocated Amount,مبلغ تخصیص یافته,
Allocation,تخصیص,
Allow Employee Checkin from Mobile App,اجازه ثبت ورود به کارمند از برنامه تلفن همراه,
Allow Encashment,اجازه بازخرید,
Allow Geolocation Tracking,اجازه ردیابی موقعیت جغرافیایی,
Allow Leave Application After (Working Days),اجازه درخواست مرخصی بعد از (روزهای کاری),
Allow Multiple Shift Assignments for Same Date,اجازه تخصیص چندین شیفت برای یک تاریخ,
Allow Negative Balance,اجازه تراز منفی,
Allow Over Allocation,اجازه بیش از تخصیص,
Allow Tax Exemption,اجازه معافیت مالیاتی,
Allow User,کاربر مجاز,
Allow Users,کاربران مجاز,
Allow check-out after shift end time (in minutes),اجازه خروج پس از پایان نوبت (بر حسب دقیقه),
Allow the following users to approve Leave Applications for block days.,به کاربران زیر اجازه دهید تا درخواست‌های مرخصی را برای روزهای مسدود تأیید کنند.,
Allows allocating more leaves than the number of days in the allocation period.,امکان تخصیص مرخصی‌های بیشتر از تعداد روزهای دوره تخصیص را فراهم می‌کند.,
Alternating entries as IN and OUT during the same shift,ورودی های متناوب به صورت IN و OUT در همان شیفت,
Amended From,اصلاح شده از,
Amount,مبلغ,
Amount based on formula,مبلغ بر اساس فرمول,
Amount of expense,مبلغ هزینه,
Amount scheduled for deduction via salary,مبلغ زمان‌بندی شده برای کسر از طریق حقوق,
Annual Allocation,تخصیص سالانه,
Annual Taxable Amount,مبلغ مشمول مالیات سالانه,
Any other details,هر جزئیات دیگری,
"Any other remarks, noteworthy effort that should go in the records",هر ملاحظات دیگری، تلاش قابل توجهی است که باید در رکوردها ثبت شود,
Applicable Earnings Component,جزء سود قابل اجرا,
Applicable For,قابل استفاده برای,
Applicable in the case of Employee Onboarding,قابل اجرا در مورد آشناسازی کارکنان,
Applicant Email Address,آدرس ایمیل متقاضی,
Applicant Name,نام متقاضی,
Applicant Rating,رتبه بندی متقاضی,
Applicant for a Job,متقاضی کار,
Applies to Company,برای شرکت اعمال می‌شود,
Apply / Approve Leaves,درخواست / تایید مرخصی,
Appointment Date,تاریخ انتصاب,
Appointment Letter,حکم انتصاب,
Appointment Letter Template,الگوی حکم انتصاب,
Appointment Letter content,محتوای حکم انتصاب,
Appraisal,ارزیابی,
Appraisal Cycle,چرخه ارزیابی,
Appraisal Goal,هدف ارزیابی,
Appraisal KRA,ارزیابی KRA,
Appraisal Linking,پیوند ارزیابی,
Appraisal Overview,بررسی اجمالی ارزیابی,
Appraisal Template,الگوی ارزیابی,
Appraisal Template Goal,هدف الگوی ارزیابی,
Appraisal Template Title,عنوان الگوی ارزیابی,
Appraisee,ارزیاب,
Approval,تصویب,
Approval Status,وضعیت تایید,
Approved,تایید شده,
Approver,تصویب کننده,
Apps,برنامه ها,
Archived,بایگانی شد,
Arrival Datetime,تاریخ ورود,
Asset Name,نام دارایی,
Assets Allocated,دارایی های تخصیص یافته,
Assignment based on,تخصیص بر اساس,
Associated Document,سند مرتبط,
Associated Document Type,نوع سند مرتبط,
Attachments,پیوست ها,
Attendance,حضور و غیاب,
Attendance Date,تاریخ حضور و غیاب,
Attendance From Date,حضور و غیاب از تاریخ,
Attendance Marked,حضور و غیاب مشخص شده,
Attendance Request,درخواست حضور و غیاب,
Attendance Settings,تنظیمات حضور و غیاب,
Attendance To Date,حضور و غیاب تا تاریخ,
Attendance will be marked automatically only after this date.,حضور و غیاب تنها پس از این تاریخ به صورت خودکار علامت گذاری می‌شود.,
Attendees,شرکت کنندگان,
Auto Attendance Settings,تنظیمات حضور و غیاب خودکار,
Auto Leave Encashment,بازخرید خودکار مرخصی,
Automated Based on Goal Progress,خودکار بر اساس پیشرفت هدف,
"Automatically fetches all assets allocated to the employee, if any",به طور خودکار تمام دارایی های تخصیص یافته به کارمند را در صورت وجود، واکشی می‌کند,
Available Leave(s),مرخصی(های) موجود,
Average Feedback Score,میانگین امتیاز بازخورد,
Average Rating,میانگین امتیاز,
"Average of Goal Score, Feedback Score, and Self Appraisal Score (out of 5)",میانگین امتیاز گل، امتیاز بازخورد و امتیاز خود ارزیابی (از 5),
Awaiting Response,در انتظار پاسخ,
Bank Account,حساب بانکی,
Bank Account No,شماره حساب بانکی,
Bank Details,اطلاعات دقیق بانکی,
Bank Name,نام بانک,
Bank Remittance,حواله بانکی,
Base,پایه,
Base & Variable,پایه و متغیر,
Begin On (Days),شروع در (بر حسب روز),
Begin check-in before shift start time (in minutes),شروع اعلام حضور قبل از زمان شروع شیفت (بر حسب دقیقه),
Beginner,مبتدی,
Benefits,مزایا,
Bimonthly,دو ماهنامه,
Birthdays,تولدها,
Block Date,تاریخ مسدود کردن,
Block Days,روزهای مسدود,
Blue,آبی,
Body,بدنه,
Bonus,پاداش,
Bonus Amount,مبلغ پاداش,
Bonus Payment Date,تاریخ پرداخت پاداش,
Branch,شاخه,
Bulk Salary Structure Assignment,تخصیص انبوه ساختار حقوق و دستمزد,
CTC,CTC,
Calculate Final Score based on Formula,محاسبه امتیاز نهایی بر اساس فرمول,
Calculate Gratuity Amount Based On,محاسبه مبلغ حق سنوات بر اساس,
Calculate Payroll Working Days Based On,محاسبه روزهای کاری حقوق و دستمزد بر اساس,
Calculated in days,بر حسب روز محاسبه می‌شود,
Cancelled,لغو شده,
Carry Forward,انتقال به دوره بعد,
Carry Forwarded Leaves,مرخصی های منتقل شده به دوره بعد,
Cause of Grievance,علت شکایت,
Change,تغییر دادن,
Check Vacancies On Job Offer Creation,موقعیت های خالی را در ایجاد پیشنهاد شغلی بررسی کنید,
Check-in Date,تاریخ ورود,
Check-out Date,چک کردن تاریخ,
Claim Benefit For,مطالبه مزایا برای,
Claim Date,تاریخ مطالبه,
Claimed,مطالبه شده,
Claimed Amount,مبلغ مطالبه شده,
Clearance Date,تاریخ ترخیص,
Cleared,پاک شد,
Closed,بسته شده,
Closed On,بسته شده در,
Closes On,بسته می‌شود,
Closing Notes,یادداشت های پایانی,
Color,رنگ,
Comments,نظرات,
Company,شرکت,
Company Details,جزئیات شرکت,
Compensatory Leave Request,درخواست مرخصی جبرانی,
Completed,تکمیل شده,
Completed On,تکمیل شد,
Component,مؤلفه,
Component properties and references , خواص و مراجع کامپوننت,
Condition,شرط,
Condition & Formula,شرایط و فرمول,
Condition and formula,شرایط و فرمول,
Conditions,شرایط,
Conditions and Formula variable and example,متغیر شرایط و فرمول و مثال,
Conference,کنفرانس,
Connections,اتصالات,
Consider Marked Attendance on Holidays,حضور مشخص در روزهای تعطیل را در نظر بگیرید,
Consider Unmarked Attendance As,در نظر گرفتن حضور و غیاب نامشخص به‌عنوان,
Contact Email,تماس با ایمیل,
Contact No.,شماره تماس.,
Contact Number,شماره تماس,
Copy of Invitation/Announcement,کپی دعوتنامه/اطلاعیه,
Cost,هزینه,
Cost Center,مرکز هزینه,
Cost Centers,مراکز هزینه,
Costing,هزینه‌یابی,
Costing Details,جزئیات هزینه‌یابی,
Country,کشور,
Course,دوره,
Cover Letter,معرفی نامه,
Create New Employee Id,شناسه کارمند جدید ایجاد کنید,
Create Separate Payment Entry Against Benefit Claim,ایجاد ثبت پرداخت جداگانه در برابر مطالبه مزایا,
Create Shifts After,ایجاد شیفت‌ها بعد از,
Criteria,معیارها,
Criteria based on which employee should be rated in Performance Feedback and Self Appraisal,معیارهایی که بر اساس آن کارمند باید در بازخورد عملکرد و خود ارزیابی رتبه بندی شود,
Currency,واحد پول,
Currency , واحد پول,
Current,جاری,
Current CTC,CTC فعلی,
Current Count,تعداد فعلی,
Current Employer , کارفرمای فعلی,
Current Job Title,عنوان شغلی فعلی,
Current Month Income Tax,مالیات بر درآمد ماه جاری,
Current Odometer value , مقدار کیلومتر شمار فعلی,
Current Openings,افتتاحیه های فعلی,
Current Slab,طبقه فعلی,
Current Work Experience,تجربه کاری فعلی,
Custom Range,محدوده سفارشی,
Cyan,فیروزه ای,
Cycle Name,نام چرخه,
Cycles,چرخه ها,
Daily,روزانه,
Daily Work Summary,خلاصه کار روزانه,
Daily Work Summary Group,گروه خلاصه کار روزانه,
Daily Work Summary Group User,کاربر گروه خلاصه کار روزانه,
Daily Work Summary Replies,پاسخ های خلاصه کار روزانه,
Dashboard,داشبورد,
Date,تاریخ,
Date , تاریخ,
Date of Birth,تاریخ تولد,
Date of Joining,تاریخ عضویت,
Dates & Reason,تاریخ و دلیل,
Dates Based On,تاریخ‌ها بر اساس,
Declarations,اعلامیه ها,
Declared Amount,مبلغ اعلام شده,
Deduct Full Tax on Selected Payroll Date,کسر مالیات کامل در تاریخ انتخاب شده حقوق و دستمزد,
Deduct Tax For Unclaimed Employee Benefits,کسر مالیات برای مزایای مطالبه نشده کارمندان,
Deduct Tax For Unsubmitted Tax Exemption Proof,کسر مالیات برای اثبات معافیت مالیاتی ارائه نشده,
Deduction,کسر,
Deductions,کسر,
Deductions before tax calculation,کسورات قبل از محاسبه مالیات,
Default Account,حساب پیش‌فرض,
Default Amount,مبلغ پیش‌فرض,
Default Bank / Cash account will be automatically updated in Salary Journal Entry when this mode is selected.,با انتخاب این حالت، حساب پیش‌فرض بانک / نقدی به‌طور خودکار در ثبت دفتر روزنامه حقوق و دستمزد به‌روزرسانی می‌شود.,
Default Base Pay,پرداخت پایه پیش‌فرض,
Default Salary Structure,ساختار حقوق و دستمزد پیش‌فرض,
Deferred Expense Account,حساب هزینه معوق,
Delivery Trip,سفر تحویل,
Department,دپارتمان,
Department Approver,تایید کننده دپارتمان,
Departure Datetime,تاریخ حرکت,
Depends on Payment Days,بستگی به روزهای پرداخت دارد,
Description,شرح,
Designation,نقش سازمانی,
Designation Skill,مهارت نقش سازمانی,
Details,جزئیات,
"Details of Sponsor (Name, Location)",جزئیات حامی مالی (نام، مکان),
Determine Check-in and Check-out,ورود و خروج را تعیین کنید,
Disable,غیر فعال کردن,
Disable Rounded Total,غیرفعال کردن کل گرد شده,
Disabled,غیرفعال,
Dispensed Amount (Pro-rated),مبلغ توزیع شده (مطابق با رتبه),
Do Not Include in Total,در مجموع لحاظ نشود,
Do not include in total,در مجموع لحاظ نشود,
Domestic,داخلی,
Download Template,دانلود قالب,
Draft,پیش‌نویس,
Duration (Days),مدت زمان (بر حسب روز),
Early Exit,خروج زودهنگام,
Early Exit Grace Period,دوره مهلت خروج زودهنگام,
Earned Leave,مرخصی کسب شده,
Earned Leave Frequency,فرکانس مرخصی کسب شده,
Earning,درآمد,
Earning Component,جزء کسب درآمد,
Earnings,درآمد,
Earnings & Deductions,درآمد و کسر,
Effective From,مؤثر از,
Effective To,مؤثر تا,
Effective from,مؤثر از,
Email,ایمیل,
Email Address,آدرس ایمیل,
Email ID,آدرس ایمیل,
Email Salary Slip to Employee,ایمیل فیش حقوقی به کارمند,
Email Sent To,ایمیل ارسال شد به,
Email Template,قالب ایمیل,
Emails salary slip to employee based on preferred email selected in Employee,ایمیل فیش حقوقی به کارمند ارسال می‌شود بر اساس ایمیل ترجیحی انتخاب شده در نمایه کارمند,
Employee,کارمند,
Employee Advance,پیش پرداخت کارمند,
Employee Advance Summary,خلاصه پیش پرداخت کارمند,
Employee Attendance Tool,ابزار حضور و غیاب کارکنان,
Employee Benefit Application,درخواست مزایای کارکنان,
Employee Benefit Application Detail,جزئیات درخواست مزایای کارکنان,
Employee Benefit Claim,مطالبه مزایای کارکنان,
Employee Benefits,مزایای کارمندان,
Employee Boarding Activity,فعالیت شبانه روزی کارکنان,
Employee Checkin,ثبت ورود کارمند,
Employee Cost Center,مرکز هزینه کارکنان,
Employee Details,جزئیات کارمند,
Employee Emails,ایمیل های کارکنان,
Employee Exit Settings,تنظیمات خروج کارمند,
Employee Exits,کارمند خارج می‌شود,
Employee Feedback Criteria,معیارهای بازخورد کارکنان,
Employee Feedback Rating,رتبه بندی بازخورد کارکنان,
Employee Grade,درجه کارمند,
Employee Grievance,شکایت کارکنان,
Employee Health Insurance,بیمه سلامت کارکنان,
Employee Image,تصویر کارمند,
Employee Incentive,مشوق کارکنان,
Employee Info,اطلاعات کارمند,
Employee Name,نام کارمند,
Employee Naming By,نامگذاری کارکنان توسط,
Employee Number,تعداد کارکنان,
Employee Onboarding,آشناسازی کارکنان,
Employee Onboarding Template,الگوی آشناسازی کارکنان,
Employee Other Income,سایر درآمدهای کارمند,
Employee Performance Feedback,بازخورد عملکرد کارکنان,
Employee Promotion,ارتقای کارمند,
Employee Promotion Details,جزئیات ارتقاء کارکنان,
Employee Property History,تاریخچه اموال کارکنان,
Employee Referral,ارجاع کارمند,
Employee Responsible , کارمند مسئول,
Employee Retained,کارمند ابقا شد,
Employee Separation,جدایی کارکنان,
Employee Separation Template,الگوی جداسازی کارکنان,
Employee Settings,تنظیمات کارمند,
Employee Skill,مهارت کارمند,
Employee Skill Map,نقشه مهارت کارکنان,
Employee Skills,مهارت های کارمند,
Employee Tax Exemption Category,رده معافیت مالیاتی کارکنان,
Employee Tax Exemption Declaration,اعلامیه معافیت مالیاتی کارکنان,
Employee Tax Exemption Declaration Category,دسته بندی اظهارنامه معافیت مالیاتی کارکنان,
Employee Tax Exemption Proof Submission,ارائه مدرک معافیت مالیاتی کارکنان,
Employee Tax Exemption Proof Submission Detail,جزئیات ارائه مدرک معافیت مالیاتی کارکنان,
Employee Tax Exemption Sub Category,زیر مجموعه معافیت مالیاتی کارکنان,
Employee Training,آموزش کارکنان,
Employee Transfer,انتقال کارمند,
Employee Transfer Detail,جزئیات انتقال کارکنان,
Employee Transfer Details,جزئیات انتقال کارکنان,
Employee name,نام کارمند,
Employee records are created using the selected option,رکوردهای کارمندان با استفاده از گزینه انتخاب شده ایجاد می‌شود,
Employees,کارمندان,
Employees HTML,HTML کارکنان,
Employees working on a holiday,کارمندانی که در تعطیلات کار می‌کنند,
Employment Type,نوع اشتغال,
Enable Auto Attendance,حضور خودکار را فعال کنید,
Enable Early Exit Marking,فعال کردن علامت گذاری خروج زود هنگام,
Enable Late Entry Marking,فعال کردن علامت گذاری ورود دیرهنگام,
Enabled,فعال,
Encashment,بازخرید,
Encashment Amount,مبلغ بازخرید,
Encashment Date,تاریخ بازخرید,
Encashment Days,روزهای بازخرید,
Encrypt Salary Slips in Emails,فیش های حقوق را در ایمیل ها رمزگذاری کنید,
End Date,تاریخ پایان,
End Time,زمان پایان,
Error Message,پیام خطا,
Estimated Cost Per Position,هزینه تخمینی در هر موقعیت,
Evaluation Date,تاریخ ارزیابی,
Event Details,جزئیات رویداد,
Event Name,نام رخداد,
Event Status,وضعیت رویداد,
Every 2 Weeks,هر 2 هفته یکبار,
Every 3 Weeks,هر 3 هفته یکبار,
Every 4 Weeks,هر 4 هفته یکبار,
Every Valid Check-in and Check-out,هر ورود و خروج معتبر,
Every Week,هر هفته,
Exam,امتحان,
Exchange Rate,قیمت ارز,
Exempted from Income Tax,معاف از مالیات بر درآمد,
Exemption Category,دسته معافیت,
Exemption Proofs,مدارک معافیت,
Exemption Sub Category,زیر مجموعه معافیت,
Exit Confirmed,خروج تایید شد,
Exit Interview,مصاحبه خروج,
Exit Interview Summary,خلاصه مصاحبه خروج,
Exit Questionnaire,پرسشنامه خروج,
Exit Questionnaire Notification Template,خروج از الگوی اعلان پرسشنامه,
Exit Questionnaire Web Form,خروج از فرم وب پرسشنامه,
Expected Average Rating,میانگین امتیاز مورد انتظار,
Expected By,مورد انتظار توسط,
Expected Compensation,غرامت مورد انتظار,
Expected Skill Set,مجموعه مهارت های مورد انتظار,
Expected Skillset,مجموعه مهارت های مورد انتظار,
Expense,هزینه,
Expense Account,حساب هزینه,
Expense Approver,تصویب کننده هزینه,
Expense Approver Mandatory In Expense Claim,تصویب کننده هزینه اجباری در مطالبه هزینه,
Expense Claim,مطالبه هزینه,
Expense Claim Account,حساب مطالبه هزینه,
Expense Claim Advance,پیش پرداخت هزینه,
Expense Claim Detail,جزئیات مطالبه هزینه,
Expense Claim Type,نوع مطالبه هزینه,
Expense Date,تاریخ هزینه,
Expense Proof,اثبات هزینه,
Expense Taxes and Charges,هزینه ها و مالیات ها,
Expense Type,نوع هزینه,
Expenses,مخارج,
Expenses & Advances,هزینه ها و پیش پرداخت ها,
Expire Carry Forwarded Leaves (Days),انقضای مرخصی‌های منتقل شده به دوره بعد (بر حسب روز),
Expired,منقضی شده,
Expired Leave(s),مرخصی(های) منقضی شده,
Explanation,توضیح,
Failed,ناموفق,
Failure Details,جزئیات شکست,
Feedback,بازخورد,
Feedback HTML,بازخورد HTML,
Feedback Ratings,رتبه بندی بازخورد,
Feedback Reminder Notification Template,الگوی اعلان یادآوری بازخورد,
Feedback Submitted,بازخورد ارسال شد,
Field Name,نام فیلد,
Filled,پر شده است,
Filter Employees,کارمندان را فیلتر کنید,
Filter List,لیست فیلتر,
Filters,فیلترها,
Final Decision,تصمیم نهایی,
Final Score,نمره نهایی,
Final Score Formula,فرمول امتیاز نهایی,
First Check-in and Last Check-out,اولین ورود و آخرین خروج,
First Day,اولین روز,
First Name , نام کوچک,
Fleet Manager,مدیر ناوگان,
Flexible Benefits,مزایای انعطاف‌پذیر,
Flight,پرواز,
Follow via Email,دنبال کردن از طریق ایمیل,
For Designation ,برای نقش سازمانی ,
For Employee,برای کارمند,
"For a day of leave taken, if you still pay (say) 50% of the daily salary, then enter 0.50 in this field.",برای یک روز مرخصی گرفته شده، اگر باز هم (مثلا) 50 درصد حقوق روزانه را پرداخت می‌کنید، در این قسمت 0.50 را وارد کنید.,
Formula,فرمول,
Fortnightly,هر دو هفته یکبار,
Fraction of Applicable Earnings , کسری از درآمد قابل اجرا,
Fraction of Daily Salary for Half Day,کسری از حقوق روزانه برای نیم روز,
Fraction of Daily Salary per Leave,کسری از حقوق روزانه در هر مرخصی,
Frappe Support,پشتیبانی Frappe,
Frequency,تناوب,
From Amount,از مبلغ,
From Date,از تاریخ,
From Employee,از کارمند,
From Time,از زمان,
From User,از کاربر,
From(Year),از (سال),
Fuel Price,قیمت سوخت,
Fuel Qty,مقدار سوخت,
Full Name,نام و نام خانوادگی,
Full and Final Asset,دارایی کامل و نهایی,
Full and Final Outstanding Statement,صورت‌حساب کامل و نهایی معوقات,
Full and Final Statement,صورت کامل و نهایی,
Fully Sponsored,کاملا حمایت شده است,
Funded Amount,مبلغ تامین شده,
Future Income Tax,مالیات بر درآمد آینده,
Geolocation,موقعیت جغرافیایی,
Get Employees,استخدام کارمندان,
Get Job Requisitions,دریافت نیازمندی های شغلی,
Get Template,دریافت الگو,
Gluten Free,بدون گلوتن,
Goal,هدف,
Goal Completion (%),تکمیل هدف (%),
Goal Score (%),امتیاز هدف (%),
Goal Score (weighted),امتیاز گل (وزن دار),
Goals,اهداف,
Grade,مقطع تحصیلی,
Grand Total,جمع کل,
Gratuity,حق سنوات,
Gratuity Applicable Component,مؤلفه قابل اعمال حق سنوات,
Gratuity Rule,قانون حق سنوات,
Gratuity Rule Slab,طبقه قانون حق سنوات,
Green,سبز,
Grievance Against,شکایت علیه,
Grievance Against Party,شکایت از طرف,
Grievance Details,جزئیات شکایت,
Grievance Type,نوع شکایت,
Gross Pay,پرداخت ناخالص,
Gross Pay (Company Currency),دستمزد ناخالص (ارز شرکت),
Gross Year To Date,سال ناخالص تا به امروز,
Gross Year To Date(Company Currency),سال ناخالص تا به امروز (ارز شرکت),
HR,منابع انسانی,
HR Manager,مدیر منابع انسانی,
HR Settings,تنظیمات منابع انسانی,
HR User,کاربر منابع انسانی,
Half Day,نیم روز,
Half Day Date,تاریخ نیم روز,
Half Yearly,نیم سال,
Half-Yearly,نیم سال,
Has Certificate,دارای گواهینامه,
Health Insurance Name,نام بیمه سلامت,
Help,کمک,
Hiring Settings,تنظیمات استخدام,
Hold,منتظر گذاشتن,
Holiday List,لیست تعطیلات,
Holiday List for Optional Leave,لیست تعطیلات برای مرخصی اختیاری,
Holidays,تعطیلات,
Hour Rate,نرخ ساعت,
Hour Rate (Company Currency),نرخ ساعت (ارز شرکت),
Hours,ساعت ها,
IN,ورود,
Identification Document Number,تشخیص شماره سند,
Identification Document Type,نوع مدرک شناسایی,
"If checked, Payroll Payable will be booked against each employee",در صورت بررسی، حقوق و دستمزد قابل پرداخت برای هر کارمند رزرو می‌شود,
"If checked, hides and disables Rounded Total field in Salary Slips",در صورت علامت زدن، قسمت Rounded Total را در فیش حقوقی پنهان و غیرفعال کنید,
"If checked, the full amount will be deducted from taxable income before calculating income tax without any declaration or proof submission.",در صورت بررسی، کل مبلغ قبل از محاسبه مالیات بر درآمد بدون اظهارنامه یا ارائه مدرک از درآمد مشمول مالیات کسر خواهد شد.,
"If enabled, Tax Exemption Declaration will be considered for income tax calculation.",در صورت فعال بودن، اظهارنامه معافیت مالیاتی برای محاسبه مالیات بر درآمد در نظر گرفته می‌شود.,
"If enabled, auto attendance will be marked on holidays if Employee Checkins exist",در صورت فعال بودن، حضور و غیاب خودکار در روزهای تعطیل در صورت وجود اعلام حضور کارکنان مشخص می‌شود,
"If enabled, deducts payment days for absent attendance on holidays. By default, holidays are considered as paid",در صورت فعال بودن، روزهای پرداخت را برای غیبت در روزهای تعطیل کسر می‌کند. به طور پیش‌فرض، تعطیلات به عنوان پولی در نظر گرفته می‌شود,
"If enabled, the component will be considered as a tax component and the amount will be auto-calculated as per the configured income tax slabs",اگر فعال باشد، مؤلفه به‌عنوان مؤلفه مالیاتی در نظر گرفته می‌شود و مقدار آن به‌طور خودکار طبق صفحه‌های مالیات بر درآمد پیکربندی‌شده محاسبه می‌شود.,
"If enabled, the component will be considered in the Income Tax Deductions report",اگر فعال باشد، جزء در گزارش کسر مالیات بر درآمد در نظر گرفته می‌شود,
"If enabled, the component will not be displayed in the salary slip if the amount is zero",در صورت فعال بودن، در صورت صفر بودن مبلغ، جزء در فیش حقوقی نمایش داده نمی‌شود,
"If enabled, the value specified or calculated in this component will not contribute to the earnings or deductions. However, it's value can be referenced by other components that can be added or deducted. ", در صورت فعال بودن، مقدار مشخص شده یا محاسبه شده در این جزء به درآمدها یا کسرها کمک نمی‌کند. با این حال، ارزش آن را می‌توان با مؤلفه های دیگری که می‌توان اضافه یا کسر کرد، ارجاع داد.,
"If enabled, total no. of working days will include holidays, and this will reduce the value of Salary Per Day",در صورت فعال بودن، تعداد کل. روزهای کاری شامل تعطیلات می‌شود و این باعث کاهش ارزش حقوق در روز می‌شود,
"If not checked, the list will have to be added to each Department where it has to be applied.",اگر علامت زده نشود، فهرست باید به هر بخش که باید اعمال شود اضافه شود.,
"If selected, the value specified or calculated in this component will not contribute to the earnings or deductions. However, it's value can be referenced by other components that can be added or deducted. ", در صورت انتخاب، مقدار مشخص شده یا محاسبه شده در این جزء به درآمد یا کسر کمک نمی‌کند. با این حال، ارزش آن را می‌توان با مؤلفه های دیگری که می‌توان اضافه یا کسر کرد، ارجاع داد.,
"If set, the job opening will be closed automatically after this date",در صورت تنظیم، فرصت شغلی پس از این تاریخ به طور خودکار بسته می‌شود,
Import Attendance,درون‌بُرد حضور و غیاب,
Import Log,لاگ درون‌بُرد,
In Process,در جریان,
In Progress,در حال پیش رفت,
In Time,به موقع,
Inactive,غیر فعال,
Incentive,مشوق,
Incentive Amount,مبلغ تشویقی,
Include holidays in Total no. of Working Days,شامل تعطیلات در تعداد کل. از روزهای کاری,
Include holidays within leaves as leaves,تعطیلات بین مرخصی‌ها را به‌عنوان مرخصی محسوب کن,
Income Source,منبع درآمد,
Income Tax Breakup,تفکیک مالیات بر درآمد,
Income Tax Computation,محاسبه مالیات بر درآمد,
Income Tax Deducted Till Date,مالیات بر درآمد تا تاریخ کسر شده است,
Income Tax Deductions,کسر مالیات بر درآمد,
Income Tax Slab,طبقه مالیات بر درآمد,
Income Tax Slab Other Charges,سایر هزینه های طبقه مالیات بر درآمد,
Income from Other Sources,درآمد از منابع دیگر,
"Indicates the number of leaves that cannot be encashed from the leave balance. E.g. with a leave balance of 10 and 4 Non-Encashable Leaves, you can encash 6, while the remaining 4 can be carried forward or expired",تعداد مرخصی‌هایی را نشان می دهد که نمی‌توان از مانده مرخصی بازخرید کرد. به عنوان مثال، با مانده مرخصی 10 و 4 مرخصی غیرقابل بازخرید، می‌توانید 6 مرخصی را بازخرید کنید، در حالی که 4 مرخصی باقی مانده را می‌توان انتقال به دوره بعد یا منقضی کرد,
Inspection,بازرسی,
Interest,علاقه,
Interest Amount,مبلغ بهره,
Interest Income Account,حساب درآمد بهره,
Intermediate,حد واسط,
International,بین المللی,
Internet,اینترنت,
Interview,مصاحبه,
Interview Detail,جزئیات مصاحبه,
Interview Details,جزئیات مصاحبه,
Interview Feedback,بازخورد مصاحبه,
Interview Reminder Notification Template,الگوی اعلان یادآوری مصاحبه,
Interview Round,مرحله مصاحبه,
Interview Summary,خلاصه مصاحبه,
Interview Type,نوع مصاحبه,
Interviewer,مصاحبه کننده,
Interviewers,مصاحبه کنندگان,
Introduction,معرفی,
Invalid,نامعتبر,
Investigated,بررسی شد,
Investigation Details,جزئیات تحقیق,
Invited,دعوت کرد,
Invoice Ref,شماره فاکتور,
Is Active,فعال است,
Is Applicable for Referral Bonus,برای پاداش ارجاع قابل استفاده است,
Is Carry Forward,قابل انتقال به دوره بعد است,
Is Compensatory,جبرانی است,
Is Default,پیش‌فرض است,
Is Earned Leave,مرخصی به دست آمده است,
Is Expired,باطل شده,
Is Flexible Benefit,مزایای قابل انعطاف است,
Is Group,گروه است,
Is Income Tax Component,مؤلفه مالیات بر درآمد است,
Is Leave Without Pay,مرخصی بدون حقوق است,
Is Mandatory,اجباری است,
Is Optional Leave,مرخصی اختیاری است,
Is Paid,پرداخت شده,
Is Partially Paid Leave,مرخصی با حقوق جزئی است,
Is Recurring,تکراری است,
Is Recurring Additional Salary,حقوق اضافی تکراری است,
Is Tax Applicable,آیا مالیات قابل اعمال است,
Job Applicant,متقاضی کار,
Job Applicant Source,منبع متقاضی کار,
Job Application Route,مسیر درخواست شغل,
Job Description,شرح شغل,
Job Offer,پیشنهاد کار,
Job Offer Term,مدت پیشنهاد کار,
Job Offer Term Template,قالب مدت پیشنهاد کار,
Job Offer Terms,شرایط پیشنهاد کار,
Job Opening,موقعیت شغلی,
Job Requisition,درخواست شغل,
Job Title,عنوان شغلی,
"Job profile, qualifications required etc.",مشخصات شغلی، مدارک مورد نیاز و غیره,
Joining Date,تاریخ عضویت,
Journal Entry,ثبت در دفتر روزنامه,
KRA,KRA,
KRA Evaluation Method,روش ارزیابی KRA,
KRA vs Goals,KRA در مقابل اهداف,
KRAs,KRA ها,
Key Performance Area,حوزه عملکرد کلیدی,
Key Responsibility Area,حوزه مسئولیت کلیدی,
Key Result Area,منطقه نتیجه کلیدی,
Keyboard Shortcuts,میانبرهای صفحه کلید,
Last Day,روز آخر,
Last Known Successful Sync of Employee Checkin. Reset this only if you are sure that all Logs are synced from all the locations. Please don't modify this if you are unsure.,آخرین همگام‌سازی موفقیت‌آمیز شناسایی کارمند. این را فقط در صورتی بازنشانی کنید که مطمئن باشید همه گزارش‌ها از همه مکان‌ها همگام‌سازی شده‌اند. لطفاً اگر مطمئن نیستید این را اصلاح نکنید.,
Last Name,نام خانوادگی,
Last Odometer Value , آخرین مقدار کیلومتر شمار,
Last Sync of Checkin,آخرین همگام سازی ورود,
Late Entry,ورود دیرهنگام,
Late Entry & Early Exit Settings for Auto Attendance,تنظیمات ورود دیرهنگام و خروج زود هنگام برای حضور خودکار,
Late Entry Grace Period,دوره مهلت ورود دیرهنگام,
Latitude,عرض جغرافیایی,
Leave,مرخصی,
Leave Allocation,تخصیص مرخصی,
Leave Allocations,تخصیص‌های مرخصی,
Leave Application,درخواست مرخصی,
Leave Approval Notification Template,الگوی اعلان تأیید مرخصی,
Leave Approver,تایید کننده مرخصی,
Leave Approver Mandatory In Leave Application,تایید کننده مرخصی اجباری در درخواست مرخصی,
Leave Approver Name,نام تأییدکننده مرخصی,
Leave Balance,تراز مرخصی,
Leave Balance Before Application,باقیمانده قبل از درخواست,
Leave Block List,لیست انسداد مرخصی,
Leave Block List Allow,لیست بلاک مرخصی مجاز,
Leave Block List Allowed,لیست بلاک مرخصی مجاز,
Leave Block List Date,تاریخ لیست انسداد مرخصی,
Leave Block List Dates,تاریخ‌های لیست انسداد مرخصی,
Leave Block List Name,نام لیست انسداد مرخصی,
Leave Control Panel,کنترل پنل مرخصی,
Leave Details,جزئیات مرخصی,
Leave Encashment,بازخرید مرخصی,
Leave Encashment Amount Per Day,مبلغ بازخرید مرخصی در روز,
Leave Ledger,دفتر مرخصی,
Leave Ledger Entry,ثبت دفتر مرخصی,
Leave Period,دوره مرخصی,
Leave Policy,سیاست مرخصی,
Leave Policy Assignment,تخصیص سیاست مرخصی,
Leave Policy Detail,جزئیات سیاست مرخصی,
Leave Policy Details,جزئیات سیاست مرخصی,
Leave Status Notification Template,الگوی اعلان وضعیت مرخصی,
Leave Type,نوع مرخصی,
Leave Type Name,نام نوع مرخصی,
Leave Without Pay,مرخصی بدون حقوق,
Leave and Expense Claim Settings,تنظیمات مرخصی و مطالبه هزینه,
Leave(s) Pending Approval,مرخصی (ها) در انتظار تأیید,
Leaves,مرخصی‌ها,
Leaves Allocated,مرخصی اختصاص داده شده است,
Left,ترک کرد,
Letter Head,سربرگ,
Level,سطح,
License Plate,پلاک وسیله نقلیه,
Lime,لیمویی,
Link the cycle and tag KRA to your goal to update the appraisal's goal score based on the goal progress,چرخه را پیوند دهید و KRA را به هدف خود تگ کنید تا امتیاز گل ارزیابی بر اساس پیشرفت گل به روز شود.,
Loan,وام,
Loan Account,حساب وام,
Loan Product,محصول وام,
Loan Repayment Entry,ثبت بازپرداخت وام,
Location,محل,
Location / Device ID,مکان / شناسه دستگاه,
Location Name,نام مکان,
Lodging Required,اسکان مورد نیاز,
Log Type,نوع لاگ,
Log out,خروج,
Longitude,طول جغرافیایی,
Lower Range,محدوده پایین,
Make,بسازید,
Manual,دستی,
Manual Rating,رتبه بندی دستی,
Mark Auto Attendance on Holidays,حضور خودکار در روزهای تعطیل را علامت بزنید,
Mark attendance based on 'Employee Checkin' for Employees assigned to this shift.,حضور و غیاب را بر اساس «اعلام حضور کارکنان» برای کارکنانی که به این شیفت اختصاص داده شده اند، علامت بزنید.,
Marked Attendance,حضور مشخص,
Marked Attendance HTML,HTML حضور و غیاب مشخص شده است,
Max Amount Eligible,حداکثر مبلغ واجد شرایط,
Max Benefit Amount,حداکثر مبلغ مزایا,
Max Benefit Amount (Yearly),حداکثر مبلغ مزایا (سالانه),
Max Benefits (Amount),حداکثر مزایا (مبلغ),
Max Benefits (Yearly),حداکثر مزایا (سالانه),
Max Exemption Amount,حداکثر مبلغ معافیت,
Max Taxable Income,حداکثر درآمد مشمول مالیات,
Max working hours against Timesheet,حداکثر ساعت کاری در برابر Timesheet,
Maximum Carry Forwarded Leaves,حداکثر مرخصی‌های منتقل شده به دوره بعد,
Maximum Consecutive Leaves Allowed,حداکثر مرخصی های متوالی مجاز,
Maximum Encashable Leaves,حداکثر مرخصی های قابل بازخرید,
Maximum Exempted Amount,حداکثر مبلغ معافیت,
Maximum Exemption Amount,حداکثر مبلغ معافیت,
Maximum Leave Allocation Allowed per Leave Period,حداکثر تخصیص مرخصی مجاز در هر دوره مرخصی,
Meal Preference,ترجیح غذا,
Message,پیام,
Mileage,مسافت پیموده شده,
Min Taxable Income,حداقل درآمد مشمول مالیات,
Minimum Year for Gratuity,حداقل سال برای حق سنوات,
Minimum working days required since Date of Joining to apply for this leave,حداقل روزهای کاری مورد نیاز از تاریخ پیوستن برای درخواست این مرخصی,
Mode Of Payment,نحوه پرداخت,
Mode of Payment,نحوه پرداخت,
Mode of Travel,حالت سفر,
Model,مدل,
Month,ماه,
Month To Date,ماه به تاریخ,
Month To Date(Company Currency),ماه تا به امروز (ارز شرکت),
Monthly,ماهانه,
Monthly Attendance Sheet,برگه حضور و غیاب ماهانه,
More Info,اطلاعات بیشتر,
Name,نام,
Name of Organizer,نام سازمان دهنده,
Naming Series,سری نامگذاری,
Net Pay,پرداخت خالص,
Net Pay (Company Currency),پرداخت خالص (ارز شرکت),
Net Pay Info,اطلاعات پرداخت خالص,
New,جدید,
New Company,شرکت جدید,
New Employee ID,شناسه کارمند جدید,
New Leaves Allocated,مرخصی های جدید تخصیص داده شده,
New Leaves Allocated (In Days),مرخصی های جدید اختصاص داده شده (بر حسب روز),
New shift assignments will be created after this date.,تخصیص‌های شیفت جدید پس از این تاریخ ایجاد خواهد شد.,
No,خیر,
No of. Positions,شماره از موقعیت ها,
Non Diary,غیر دفتر خاطرات,
Non Taxable Earnings,درآمدهای غیر مشمول مالیات,
Non-Encashable Leaves,مرخصی‌های غیرقابل بازخرید,
Non-Vegetarian,غیر گیاهخوار,
Not Started,شروع نشده است,
Note: Shift will not be overwritten in existing attendance records,توجه: شیفت در رکوردهای حضور و غیاب موجود بازنویسی نخواهد شد,
Notes,یادداشت,
Notify users by email,از طریق ایمیل به کاربران اطلاع دهید,
Number Of Employees,تعداد کارکنان,
Number Of Positions,تعداد موقعیت ها,
Number of leaves eligible for encashment based on leave type settings,تعداد مرخصی‌های واجد شرایط برای بازخرید بر اساس تنظیمات نوع مرخصی,
OUT,خروج,
Obtained Average Rating,میانگین امتیاز به دست آمده است,
Odometer Reading,خواندن کیلومترشمار,
Offer Date,تاریخ پیشنهاد,
Offer Term,مدت پیشنهاد,
Offer Terms,شرایط پیشنهاد,
Old Parent,مرجع پیشین,
On Duty,در حال انجام وظیفه,
On Hold,در انتظار,
On Leave,در مرخصی,
Onboarding Activities,فعالیت‌های آشناسازی,
Onboarding Begins On,آشناسازی شروع می‌شود,
Only Tax Impact (Cannot Claim But Part of Taxable Income),فقط تأثیر مالیات (نمی‌توان مطالبه کرد اما بخشی از درآمد مشمول مالیات),
Open,باز,
Open & Approved,باز و تایید شده,
Opening Balances,ترازهای افتتاحیه,
Orange,نارنجی,
Organizational Chart,چارت سازمانی,
Other Details,جزئیات دیگر,
Other Settings,تنظیمات دیگر,
Other Taxes and Charges,سایر مالیات ها و هزینه ها,
Out Time,زمان خارج شدن,
Out of 5,از 5,
Overview,بررسی اجمالی,
Overwrite Salary Structure Amount,بازنویسی مبلغ ساختار حقوق و دستمزد,
Owned,مالکیت,
PWA Notification,اعلان PWA,
Paid,پرداخت شده,
Paid Amount,مبلغ پرداخت شده,
Paid via Salary Slip,از طریق فیش حقوقی پرداخت می‌شود,
Parent Goal,هدف والد,
"Partially Sponsored, Require Partial Funding",تا حدی حمایت مالی شده است، نیاز به بودجه جزئی دارد,
Partly Claimed and Returned,تا حدی مطالبه شده و بازگردانده شده است,
Passport Number,شماره پاسپورت,
Password Policy,سیاست گذرواژه,
Pay Against Benefit Claim,پرداخت در مقابل مطالبه مزایا,
Pay Via Payment Entry,پرداخت از طریق ثبت پرداخت,
Pay via Salary Slip,پرداخت از طریق فیش حقوقی,
Payable Account,حساب پرداختنی,
Payables,پرداختنی ها,
Payment Account,حساب پرداخت,
Payment Days,روزهای پرداخت,
Payment Days Calculation Help,راهنمای محاسبه روزهای پرداخت,
Payment Entry,ثبت پرداخت,
Payment and Accounting,پرداخت و حسابداری,
Payroll,حقوق و دستمزد,
Payroll Cost Centers,مراکز هزینه حقوق و دستمزد,
Payroll Date,تاریخ حقوق و دستمزد,
Payroll Employee Detail,جزئیات حقوق و دستمزد کارکنان,
Payroll Entry,ثبت حقوق و دستمزد,
Payroll Frequency,فرکانس حقوق و دستمزد,
Payroll Info,اطلاعات حقوق و دستمزد,
Payroll Payable Account,حساب پرداختنی حقوق و دستمزد,
Payroll Period,دوره حقوق و دستمزد,
Payroll Period Date,تاریخ دوره حقوق و دستمزد,
Payroll Periods,دوره های حقوق و دستمزد,
Payroll Settings,تنظیمات حقوق و دستمزد,
Pending,انتظار,
Pending Amount,مبلغ در انتظار,
Percent,درصد,
Percent Deduction,درصد کسر,
Percentage (%),درصد (%),
Phone Number,شماره تلفن,
Pink,صورتی,
Planned number of Positions,تعداد پوزیشن های برنامه ریزی شده,
Posted On,نوشته شده در,
Posting Date,تاریخ ارسال,
Posting date,تاریخ ارسال,
Preferred Area for Lodging,منطقه ترجیحی برای اقامت,
Present,حاضر,
Prevent self approval for leaves even if user has permissions,جلوگیری از خود تأییدی درخواست‌های مرخصی حتی اگر کاربر مجوز داشته باشد,
Principal Amount,مبلغ اصلی,
Print Heading,عنوان چاپ,
Printing Details,جزئیات چاپ,
Process Attendance After,پردازش حضور و غیاب پس از,
Process Payroll Accounting Entry based on Employee,پردازش ثبت حسابداری حقوق و دستمزد بر اساس کارمند,
Process leave encashment via a separate Payment Entry instead of Salary Slip,بازخرید مرخصی استفاده‌نشده را از طریق سند پرداخت جداگانه انجام دهید، نه فیش حقوقی,
Professional Tax Deductions,کسر مالیات حرفه ای,
Proficiency,مهارت,
Progress,پیشرفت,
Project,پروژه,
Promotion Date,تاریخ ارتقاء,
Property,ویژگی,
Provident Fund Deductions,کسورات صندوق تامین,
Publish Salary Range,انتشار محدوده حقوق و دستمزد,
Publish on website,در وب سایت منتشر کنید,
Purpose,هدف,
Purpose & Amount,هدف و مبلغ,
Purpose of Travel,هدف از سفر,
Quarterly,سه ماه یکبار,
Questionnaire Email Sent,پرسشنامه ایمیل ارسال شد,
Queued,در صف,
Quick Filters,فیلترهای سریع,
Raised By,مطرح شده توسط,
Rate,نرخ,
Rate Goals Manually,به اهداف دستی امتیاز دهید,
Rating,رتبه بندی,
Rating Criteria,معیارهای رتبه بندی,
Ratings,رتبه بندی ها,
Re-allocate Leaves,تخصیص دوباره مرخصی‌ها,
Read,خواندن,
Reason,دلیل,
Reason for Requesting,دلیل درخواست,
Receivables,دریافتنی ها,
Recruitment Analytics,تجزیه و تحلیل استخدام,
Red,قرمز,
Reference,ارجاع,
Reference Document,سند مرجع,
Reference Document Name,نام سند مرجع,
Reference Document Type,نوع سند مرجع,
References,منابع,
Referral Bonus Payment Status,وضعیت پرداخت پاداش ارجاعی,
Referral Details,جزئیات ارجاع,
Referrer,ارجاع دهنده,
Referrer Details,جزئیات ارجاع دهنده,
Referrer Name,نام ارجاع دهنده,
Reflections,بازتاب ها,
Refuelling Details,جزئیات سوخت گیری,
Rejected,رد شده,
Relieving Date,تاریخ برکناری,
Relieving Date , تاریخ برکناری,
Reload,بارگذاری مجدد,
Remaining Benefits (Yearly),مزایای باقی مانده (سالانه),
Remark,ملاحظات,
Remarks,ملاحظات,
Remind Before,یادآوری قبل,
Reminded,یادآوری شد,
Reminder,یادآور,
Reminders,یادآوری ها,
Remove if Zero Valued,در صورت داشتن ارزش صفر حذف کنید,
Rented Car,ماشین اجاره ای,
Repay Unclaimed Amount from Salary,بازپرداخت مبلغ مطالبه نشده از حقوق,
Replied,پاسخ داده شده,
Reports To,گزارش به,
Requested By,درخواست شده توسط,
Requested By (Name),درخواست شده توسط (نام),
Require Full Funding,نیاز به بودجه کامل,
Required for Employee Creation,برای ایجاد کارمند مورد نیاز است,
Resignation Letter Date,تاریخ استعفا نامه,
Resolution Date,تاریخ حل و فصل,
Resolution Details,جزئیات حل و فصل,
Resolved,حل شد,
Resolved By,حل شده توسط,
Restrict Backdated Leave Application,محدود کردن درخواست مرخصی دارای تاریخ قبلی,
Result,نتیجه,
Resume,رزومه,
Resume Attachment,پیوست رزومه,
Resume Link,لینک رزومه,
Resume link,لینک رزومه,
Retention Bonus,پاداش نگهداشت,
Retirement Age (In Years),سن بازنشستگی (به سال),
Return,برگشت,
Returned,بازگشت,
Returned Amount,مبلغ برگشتی,
Reviewer,بازبین,
Reviewer Name,نام داور,
Revised CTC,CTC اصلاح شده,
Right,راست,
Role,نقش,
Role Allowed to Create Backdated Leave Application,نقش مجاز برای ایجاد برنامه مرخصی دارای تاریخ قبلی,
Roster Color,رنگ لیست شیفت کاری,
Round Name,نام دور,
Round off Work Experience,گرد کردن تجربه کاری,
Round to the Nearest Integer,به نزدیکترین عدد صحیح گرد کنید,
Rounded Total,مجموع گرد شده,
Rounded Total (Company Currency),کل گرد شده (ارز شرکت),
Rounding,گرد کردن,
Route,مسیر,
Route to the custom Job Application Webform,مسیر به فرم وب درخواست شغل سفارشی,
Rules,قوانین,
Salary,حقوق,
Salary Component,مؤلفه حقوق و دستمزد,
Salary Component ,مؤلفه حقوق و دستمزد,
Salary Component Account,حساب مؤلفه حقوق و دستمزد,
Salary Component Type,نوع مؤلفه حقوق,
Salary Component for timesheet based payroll.,مؤلفه حقوق و دستمزد برای لیست حقوق و دستمزد بر اساس جدول زمانی.,
Salary Currency,ارز حقوق و دستمزد,
Salary Detail,جزئیات حقوق و دستمزد,
Salary Details,جزئیات حقوق و دستمزد,
Salary Expectation,انتظار حقوق,
Salary Paid Per,حقوق پرداختی به ازای هر,
Salary Payments Based On Payment Mode,پرداخت حقوق بر اساس حالت پرداخت,
Salary Payments via ECS,پرداخت حقوق از طریق ECS,
Salary Register,ثبت حقوق,
Salary Slip,فیش حقوق,
Salary Slip Based on Timesheet,فیش حقوق بر اساس جدول زمانی,
Salary Slip Leave,مرخصی فیش حقوق,
Salary Slip Loan,وام فیش حقوق,
Salary Slip Timesheet,جدول زمانی فیش حقوق,
Salary Slips Created,فیش حقوقی ایجاد شد,
Salary Slips Submitted,فیش حقوقی ارسال شد,
Salary Structure,ساختار حقوق و دستمزد,
Salary Structure Assignment,تخصیص ساختار حقوق و دستمزد,
Salary Withholding,کسر حقوق,
Salary Withholding Cycle,چرخه کسر حقوق,
Salary breakup based on Earning and Deduction.,تفکیک حقوق بر اساس درآمد و کسر.,
Salary components should be part of the Salary Structure.,مؤلفه‌های حقوق باید بخشی از ساختار حقوق و دستمزد باشد.,
Sanctioned Amount,مبلغ تصویب شده,
Scheduled,زمان‌بندی شده است,
Scheduled On,برنامه ریزی شده در,
Score (0-5),امتیاز (0-5),
Score Earned,امتیاز کسب شده,
Select Employees,انتخاب کارمندان,
Select Payment Account to make Bank Entry,برای ثبت بانکی، حساب پرداخت را انتخاب کنید,
Select Terms and Conditions,انتخاب شرایط و ضوابط,
Select Users,کاربران را انتخاب کنید,
Select this if you want shift assignments to be automatically created indefinitely.,این گزینه را انتخاب کنید اگر می‌خواهید تخصیص شیفت‌ها به‌صورت نامحدود به‌طور خودکار ایجاد شوند.,
Self Appraisal,ارزیابی خود,
Self-Study,خودخوان,
Seminar,سمینار,
Send Emails At,ارسال ایمیل به آدرس,
Send Interview Feedback Reminder,ارسال یادآوری بازخورد مصاحبه,
Send Interview Reminder,ارسال یادآوری مصاحبه,
Send Leave Notification,ارسال اعلان مرخصی,
Sender,فرستنده,
Sender Email,ایمیل فرستنده,
Sent,ارسال شد,
Separation Activities,فعالیت های جداسازی,
Separation Begins On,جدایی آغاز می‌شود,
Series,سلسله,
Service,سرویس,
Service Details,جزئیات خدمات,
Service Item,آیتم خدمات,
Session Defaults,پیش‌فرض‌های نشست,
"Set ""From(Year)"" and ""To(Year)"" to 0 for no upper and lower limit.","From(Year) و ""To(Year)"" را روی 0 بدون محدودیت بالا و پایین تنظیم کنید.",
Set Assignment Details,تنظیم جزئیات تخصیص,
Set Leave Details,تنظیم جزئیات مرخصی,
Set filters to fetch employees,فیلترهایی را برای واکشی کارمندان تنظیم کنید,
Set optional filters to fetch employees in the appraisee list,فیلترهای اختیاری را برای واکشی کارکنان در لیست ارزیابی کنندگان تنظیم کنید,
Set the frequency for holiday reminders,فرکانس یادآوری تعطیلات را تنظیم کنید,
Set the properties that should be updated in the Employee master on promotion submission,ویژگی هایی را که باید در Employee master در ارسال ارتقاء به روز شوند، تنظیم کنید,
Settings,تنظیمات,
Settled,مستقر شده,
Shift,شیفت,
Shift Actual End,شیفت پایان واقعی,
Shift Actual Start,شروع واقعی شیفت,
Shift Assignment,تخصیص شیفت,
Shift Assignment Details,جزئیات تخصیص شیفت,
Shift Assignment Tool,ابزار تخصیص شیفت,
Shift Attendance,حضور و غیاب شیفت,
Shift Details,جزئیات شیفت,
Shift End,پایان شیفت,
Shift Location,مکان شیفت,
Shift Request,درخواست شیفت,
Shift Request Filters,فیلترهای درخواست شیفت,
Shift Schedule,زمان‌بندی شیفت,
Shift Schedule Assignment,تخصیص زمان‌بندی شیفت,
Shift Settings,تنظیمات شیفت,
Shift Start,شروع شیفت,
Shift Status,وضعیت شیفت,
Shift Type,نوع شیفت,
Show Leave Balances in Salary Slip,نمایش تراز مرخصی در فیش حقوقی,
Show Leaves Of All Department Members In Calendar,نمایش مرخصی‌های همه اعضای بخش در تقویم,
Skill,مهارت,
Skill Assessment,ارزیابی مهارت,
Skill Name,نام مهارت,
Skills,مهارت ها,
Skip Auto Attendance,صرف نظر از حضور و غیاب خودکار,
Slack,سستی,
Source,منبع,
Source Name,نام منبع,
Source and Rating,منبع و رتبه بندی,
Sponsored Amount,مبلغ حمایت شده,
Staffing Details,جزئیات کارگزینی,
Staffing Plan,طرح کارگزینی,
Staffing Plan Detail,جزئیات طرح کارگزینی,
Standard Tax Exemption Amount,مبلغ استاندارد معافیت مالیاتی,
Standard Working Hours,ساعت کاری استاندارد,
Start Date,تاریخ شروع,
Start Time,زمان شروع,
Statistical Component,مؤلفه آماری,
Status,وضعیت,
Status for Other Half,وضعیت برای نیمه دیگر,
Stop users from making Leave Applications on following days.,جلوگیری از ثبت درخواست مرخصی توسط کاربران در روزهای زیر.,
Strictly based on Log Type in Employee Checkin,به شدت بر اساس نوع لاگ ورود کارکنان است,
Subject,موضوع,
Submission Date,تاریخ ارسال,
Submitted,ارسال شده,
Sum of all previous slabs,مجموع تمام طبقه های قبلی,
Supplier,تامین کننده,
System Health,سلامت سیستم,
System Manager,مدیر سیستم,
Take Exact Completed Years,دقیقاً سالهای تکمیل شده را در نظر بگیرید,
Task,تسک,
Task Weight,وزن تسک,
Tax Deducted Till Date,مالیات کسر شده تا تاریخ,
Tax Exemption Category,دسته معافیت مالیاتی,
Tax Exemption Declaration,اعلامیه معافیت مالیاتی,
Tax Exemption Proofs,مدارک معافیت مالیاتی,
Tax on additional salary,مالیات بر حقوق اضافی,
Tax on flexible benefit,مالیات بر مزایای قابل انعطاف,
Taxable Earnings Till Date,درآمد مشمول مالیات تا تاریخ,
Taxable Salary Slab,طبقه حقوق مشمول مالیات,
Taxable Salary Slabs,طبقه حقوق مشمول مالیات,
Taxes & Charges,مالیات و عوارض,
Taxes and Charges on Income Tax,مالیات ها و هزینه های مالیات بر درآمد,
Taxi,تاکسی,
Team Updates,به روز رسانی تیم,
Template Name,نام الگو,
Terms,مقررات,
Terms and Conditions,شرایط و ضوابط,
The date on which Salary Component with Amount will contribute for Earnings/Deduction in Salary Slip. , تاریخی که در آن مؤلفه حقوق و دستمزد با مبلغ برای درآمد/کسر فیش حقوق کمک می‌کند.,
The day of the month when leaves should be allocated,روزی از ماه که باید مرخصی ها اختصاص داده شود,
The fraction of daily wages to be paid for half-day attendance,کسری از دستمزد روزانه برای حضور نیم روز پرداخت می‌شود,
"The salary slip emailed to the employee will be password protected, the password will be generated based on the password policy.",فیش حقوقی که به کارمند ایمیل می‌شود، با گذرواژه محافظت می‌شود، گذرواژه بر اساس سیاست گذرواژه ایجاد می‌شود.,
The time after the shift start time when check-in is considered as late (in minutes).,زمان بعد از زمان شروع شیفت که ورود به منزل دیر در نظر گرفته می‌شود (بر حسب دقیقه).,
The time before the shift end time when check-out is considered as early (in minutes).,زمان قبل از پایان شیفت زمانی که خروج زودهنگام در نظر گرفته می‌شود (بر حسب دقیقه).,
The time before the shift start time during which Employee Check-in is considered for attendance.,زمان قبل از زمان شروع شیفت که طی آن ورود کارکنان برای حضور و غیاب در نظر گرفته می‌شود.,
Theory,تئوری,
"These leaves are holidays permitted by the company however, availing it is optional for an Employee.",این مرخصی ها تعطیلات مجاز توسط شرکت هستند، اما استفاده از آن برای یک کارمند اختیاری است.,
Time,زمان,
Time Sheet,برگه زمان,
Time after the end of shift during which check-out is considered for attendance.,زمان پس از پایان شیفت که در طی آن خروج برای حضور و غیاب در نظر گرفته می‌شود.,
Time taken to fill the open positions,زمان صرف شده برای پر کردن موقعیت های باز,
Time to Fill,زمان پر کردن,
Timelines,جدول زمانی,
Timesheet Details,جزئیات جدول زمانی,
Title,عنوان,
To Amount,به مبلغ,
To Date,تا تاریخ,
To Time,تا زمان,
To User,به کاربر,
To(Year),تا (سال),
Toggle Full Width,تغییر وضعیت عرض کامل,
Toggle Theme,تغییر تم,
Total,جمع,
Total Actual Amount,مبلغ کل واقعی,
Total Advance Amount,کل مبلغ پیش پرداخت,
Total Allocated Leave(s),مجموع مرخصی(های) اختصاص داده شده,
Total Amount,مبلغ کل,
Total Claimed Amount,کل مبلغ مطالبه شده,
Total Declared Amount,کل مبلغ اعلام شده,
Total Deduction,کسر کل,
Total Deduction (Company Currency),مجموع کسر (ارز شرکت),
Total Earning,کل درآمد,
Total Earnings,درآمد کل,
Total Estimated Budget,کل بودجه تخمینی,
Total Estimated Cost,کل هزینه تخمینی,
Total Exemption Amount,کل مبلغ معافیت,
Total Goal Score,مجموع امتیاز گل,
Total Income Tax,مالیات بر درآمد کل,
Total Leave Days,مجموع روزهای مرخصی,
Total Leaves Allocated,مجموع مرخصی‌های اختصاص داده شده,
Total Leaves Encashed,مجموع مرخصی‌های انباشته شده,
Total Payable Amount,کل مبلغ قابل پرداخت,
Total Payment,کل پرداخت,
Total Receivable Amount,کل مبلغ دریافتنی,
Total Sanctioned Amount,کل مبلغ تصویب شده,
Total Score,نمره کل,
Total Self Score,نمره کل خود,
Total Taxes and Charges,کل مالیات ها و هزینه ها,
Total Working Hours,مجموع ساعات کاری,
Total in words,مجموع به حروف,
Total in words (Company Currency),مجموع به حروف (ارز شرکت),
Total salary booked against this component for this employee from the beginning of the year (payroll period or fiscal year) up to the current salary slip's end date.,کل حقوق ثبت شده در مقابل این جزء برای این کارمند از ابتدای سال (دوره حقوق و دستمزد یا سال مالی) تا تاریخ پایان فیش حقوقی فعلی.,
Total salary booked for this employee from the beginning of the month up to the current salary slip's end date.,کل حقوق رزرو شده برای این کارمند از ابتدای ماه تا تاریخ پایان فیش حقوقی فعلی.,
Total salary booked for this employee from the beginning of the year (payroll period or fiscal year) up to the current salary slip's end date.,کل حقوق رزرو شده برای این کارمند از ابتدای سال (دوره حقوق و دستمزد یا سال مالی) تا تاریخ پایان فیش حقوقی فعلی.,
Total working Days Per Year,مجموع روزهای کاری در سال,
Totals,جمع,
Train,قطار,
Trainer Email,ایمیل مربی,
Trainer Name,نام مربی,
Training,آموزش,
Training Date,تاریخ آموزش,
Training Event,رویداد آموزشی,
Training Event Employee,کارمند رویداد آموزشی,
Training Feedback,بازخورد آموزشی,
Training Program,برنامه آموزشی,
Training Result,نتیجه آموزش,
Training Result Employee,کارمند نتیجه آموزش,
Trainings,آموزش ها,
Transaction Date,تاریخ تراکنش,
Transaction Name,نام تراکنش,
Transaction Type,نوع تراکنش,
Transfer Date,تاریخ انتقال,
Travel Advance Required,پیش نیاز سفر,
Travel From,سفر از,
Travel Funding,بودجه سفر,
Travel Itinerary,برنامه سفر,
Travel Request,درخواست سفر,
Travel Request Costing,هزینه‌یابی درخواست سفر,
Travel To,سفر به,
Travel Type,نوع سفر,
Type,نوع,
Type of Proof,نوع اثبات,
Unclaimed Amount,مبلغ مطالبه نشده,
Under Review,تحت بررسی,
Unmarked days,روزهای نامشخص,
Unpaid,پرداخت نشده,
Unpaid Expense Claim,مطالبه هزینه پرداخت نشده,
Unsettled,بی قرار,
Unused leaves,مرخصی های استفاده نشده,
Upload Attendance,آپلود حضور و غیاب,
Upload HTML,HTML را آپلود کنید,
Upper Range,محدوده بالا,
Used Leave(s),مرخصی(های) استفاده شده,
User,کاربر,
User Settings,تنظیمات کاربر,
Users,کاربران,
Vacancies,جای خالی,
Validate Attendance,تایید حضور و غیاب,
Value / Description,ارزش / توضیحات,
Variable,متغیر,
Variable Based On Taxable Salary,متغیر بر اساس حقوق مشمول مالیات,
Vegetarian,گیاه خواری,
Vehicle Log,لاگ خودرو,
Vehicle Service,سرویس خودرو,
Vehicle Service Item,آیتم سرویس خودرو,
View Website,مشاهده وب سایت,
Violet,بنفش,
Weekly,هفتگی,
Weightage (%),سنجش (%),
Why is this Candidate Qualified for this Position?,چرا این کاندید واجد شرایط این موقعیت است؟,
Work Anniversaries , سالگردهای کاری,
Work End Date,تاریخ پایان کار,
Work From Date,کار از تاریخ,
Work From Home,کار از خانه,
Work References,مراجع کار,
Worked On Holiday,در تعطیلات کار کرد,
Workflow State,وضعیت گردش کار,
Working Days,روزهای کاری,
Working Days and Hours,روزها و ساعات کاری,
Working Hours,ساعات کاری,
Working Hours Calculation Based On,محاسبه ساعت کاری بر اساس,
Working Hours Threshold for Absent,آستانه ساعات کاری برای غیبت,
Working Hours Threshold for Half Day,آستانه ساعات کاری برای نیم روز,
Working hours below which Absent is marked. (Zero to disable),ساعات کاری که زیر آن غایب مشخص شده است. (صفر برای غیرفعال کردن),
Working hours below which Half Day is marked. (Zero to disable),ساعات کاری که کمتر از آن نیم روز مشخص شده است. (صفر برای غیرفعال کردن),
Workshop,کارگاه,
Year,سال,
Year To Date,سال تا به امروز,
Year To Date(Company Currency),سال تا به امروز (ارز شرکت),
Yearly,سالانه,
Yellow,زرد,
Yes,بله,
email,ایمیل,
