 Unlink Payment on Cancellation of Employee Advance, Ta bort länk till betalning vid annullering av personal förskott,
<b>Example:</b> SAL-{first_name}-{date_of_birth.year} <br>This will generate a password like SAL-Jane-1972,<b>Exempel:</b> SAL- {first_name} - {date_of_birth.year} <br> Detta kommer att skapa lösenord som SAL-Jane-1972,
"<h3>Help</h3>

<p>Notes:</p>

<ol>
<li>Use field <code>base</code> for using base salary of the Employee</li>
<li>Use Salary Component abbreviations in conditions and formulas. <code>BS = Basic Salary</code></li>
<li>Use field name for employee details in conditions and formulas. <code>Employment Type = employment_type</code><code>Branch = branch</code></li>
<li>Use field name from Salary Slip in conditions and formulas. <code>Payment Days = payment_days</code><code>Leave without pay = leave_without_pay</code></li>
<li>Direct Amount can also be entered based on Condition. See example 3</li></ol>

<h4>Examples</h4>
<ol>
<li>Calculating Basic Salary based on <code>base</code>
<pre><code>Condition: base &lt; 10000</code></pre>
<pre><code>Formula: base * .2</code></pre></li>
<li>Calculating HRA based on Basic Salary<code>BS</code> 
<pre><code>Condition: BS &gt; 2000</code></pre>
<pre><code>Formula: BS * .1</code></pre></li>
<li>Calculating TDS based on Employment Type<code>employment_type</code> 
<pre><code>Condition: employment_type==""Intern""</code></pre>
<pre><code>Amount: 1000</code></pre></li>
</ol>","<h3>Hjälp</h3>

<p>Anmärkningar:</p>

<ol>
<li>Använd fält <code>bas</code> för att använda grundlön för personal</li>
<li>Använd löne komponent förkortningar i villkor och formler. <code>BS = Grundlön</code></li>
<li>Använd fält namn för personal detaljer i villkor och formler. <code>Anställning Typ = employment_type</code><code>Branch = branch</code></li>
<li>Använd fält namn från lönespecifikation i villkor och formler. <code>Betalning Dagar = payment_days</code><code>Ledighet utan lön = leave_without_pay</code></li>
<li>Belopp kan också anges direkt baserat på villkor. Se exempel 3</li></ol>

<h4>Exempel</h4>
<ol>
<li>Beräkna grundlön baserat på <code>bas</code>
<pre><code>Villkor: bas &lt; 10 000</code></pre>
<pre><code>Formel: bas * .2</code></pre></li>
<li>Beräknar HRA baserat på grundlön<code>BS</code>
<pre><code>Villkor: BS &gt; 2000</code></pre>
<pre><code>Formel: BS * .1</code></pre></li>
<li>Beräknar TDS baserat på Anställning Typ<code>employment_type</code>
<pre><code>Villkor: employment_type==""Intern""</code></pre>
<pre><code>Belopp: 1000</code></pre></li>
</ol>",
"<h4>Condition Examples</h4>
<ol>
<li>Applying tax if employee born between 31-12-1937 and 01-01-1958 (Employees aged 60 to 80)<br>
<code>Condition: date_of_birth&gt;date(1937, 12, 31) and date_of_birth&lt;date(1958, 01, 01)</code></li><br><li>Applying tax by employee gender<br>
<code>Condition: gender==""Male""</code></li><br>
<li>Applying tax by Salary Component<br>
<code>Condition: base &gt; 10000</code></li></ol>","<h4>Villkor Exempel</h4>
<ol>
<li>Tillämpa skatt för personal född mellan 1937-12-31 och 1958-01-01 (personal i åldrarna 60 till 80)<br>
<code>Villkor: date_of_birth&gt;date(1937, 12, 31) and date_of_birth&lt;date(1958, 01, 01)</code></li><br><li>Tillämpa skatt efter personal kön<br>
<code>Villkor: gender==""Man""</code></li><br>
<li>Tillämpa skatt efter löne komponent<br>
<code>Villkor: bas &gt; 10 000</code></li></ol>",
<h5>Employees on Half Day</h5>,<h5>Halvdag Personal</h5>,
<h5>Unmarked Employees</h5>,<h5>Ej Angiven Personal</h5>,
<hr>,<hr>,
Abbr,Förkortning,
About,Om,
Absent,Frånvarande,
Absent Days,Frånvarande Dagar,
Academics User,Läsår Användare,
Accepted,Accepterad,
Account,Konto,
Account Head,Konto,
Accounting,Bokföring,
Accounting & Payment,Bokföring & Betalning,
Accounting Details,Bokföring Detaljer,
Accounting Dimensions,Bokföring Dimensioner,
Accounts,Bokföring,
Action,Åtgärd,
Active,Aktiv,
Activities,Aktiviteter,
Activity Name,Aktivitet Namn,
Actual Amount,Faktiskt Belopp,
Actual Cost,Faktisk Kostnad,
Actual Encashable Days,Faktiska Uttagbara Dagar,
Add Day-wise Dates, Lägg till Veckodagar,
Add unused leaves from previous allocations,Lägg till oanvänd frånvaro från tidigare tilldelningar,
Add unused leaves from previous leave period's allocation to this allocation,Lägg till oanvänd frånvaro från tidigare frånvaro period tilldelning till denna tilldelning,
Added On,Tillagd,
Additional Amount,Extra Belopp,
Additional Information ,Extra Information,
Additional Salary,Extra Lön,
Additional Salary ,Extra Lön,
Address of Organizer,Arrangör Adress,
Advance,Förskott,
Advance Account,Förskott Konto,
Advance Amount,Förskott Belopp,
Advance Paid,Förskott Betalning,
Advance Payment,Förskott Betalning,
Advance Payments,Förskott Betalningar,
Advanced Filters,Avancerade Filter,
Advances,Förskott,
All,Alla,
Allocate Based On Leave Policy,Tilldela Baserat På Frånvaro Princip,
Allocate on Day,Tilldela,
Allocated Amount,Tilldelad Belopp,
Allocation,Tilldelning,
Allow Employee Checkin from Mobile App,Tillåt Personal Stämpling från Mobil App,
Allow Encashment,Tillåt Uttag,
Allow Geolocation Tracking,Tillåt Geolokalisering Spårning,
Allow Leave Application After (Working Days),Tillåt Frånvaro Ansökan Efter (Arbetsdagar),
Allow Multiple Shift Assignments for Same Date,Tillåt Flera Skift Tilldelningar för Samma Datum,
Allow Negative Balance,Tillåt Negativt Balans,
Allow Over Allocation,Tillåt Övertilldelning,
Allow Tax Exemption,Tillåt Skatt Undantag,
Allow User,Tillåt Användare,
Allow Users,Tillåt Användare,
Allow check-out after shift end time (in minutes),Tillåt Utstämpling efter Skift Sluttid (Minuter),
Allow the following users to approve Leave Applications for block days.,Tillåt följande användarna att godkänna Frånvaro Ansökningar för spärrade dagar.,
Allows allocating more leaves than the number of days in the allocation period.,Tillåt tilldelning av mer frånvaro än antal dagar under tilldelning period.,
Alternating entries as IN and OUT during the same shift,Växlande poster som IN och UT under samma skift,
Amended From,Ändrad Från,
Amount,Belopp,
Amount based on formula,Belopp Baserad på Formel,
Amount claimed via Expense Claim,Belopp som begärts via Utlägg,
Amount of expense,Förskott Belopp,
Amount paid against this encashment,Belopp betald mot denna uttag,
Amount scheduled for deduction via salary,Belopp planerad för avdrag via lön,
Amount that has been paid against this advance,Utbetald Belopp,
Annual Allocation,Årlig Tilldelning,
Annual Taxable Amount,Årlig Beskattningsbart Belopp,
Any other details,Eventuella Detaljer,
"Any other remarks, noteworthy effort that should go in the records","Eventuella andra anmärkningar, anmärkningsvärd ansträngning som borde skriva i",
Applicable Earnings Component,Tillämplig Inkomst Komponent,
Applicable For,Tillämplig För,
Applicable in the case of Employee Onboarding,Tillämpligt vid Personal Introduktion,
Applicant Email Address,Sökande E-post Adress,
Applicant Name,Sökande Namn,
Applicant Rating,Sökande Bedömning,
Applicant for a Job,Sökande till Jobb,
Applies to Company,Gäller Bolag,
Apply / Approve Leaves,Tillämpa / Godkänn Frånvaro,
Appointment Date,Utnämning Datum,
Appointment Letter,Utnämning Brev,
Appointment Letter Template,Utnämning Brev Mall,
Appointment Letter content,Utnämning Brev Innehåll,
Appraisal,Utvärdering,
Appraisal Cycle,Utvärdering Cykel,
Appraisal Goal,Utvärdering Mål,
Appraisal KRA,Utvärdering Nyckel Resultat Område,
Appraisal Linking,Utvärdering Länkning,
Appraisal Overview,Utvärdering Översikt,
Appraisal Template,Utvärdering Mall,
Appraisal Template Goal,Utvärdering Mall Mål,
Appraisal Template Title,Utvärdering Mall Benämning,
Appraisee,Utvärderare,
Approval,Godkännande,
Approval Status,Godkännande Status,
Approve,Godkänn,
Approved,Godkänd,
Approver,Godkännare,
Apps,Appar,
Archived,Arkiverad,
Arrival Datetime,Ankomst Datum och Tid,
Asset Name,Tillgång Namn,
Assets Allocated,Tillgång Tilldelad,
Assign Shift,Tilldela Skift,
Assign Shift Schedule,Tilldela Skift Schema,
Assignment based on,Tilldelning Baserad På,
Associated Document,Tillhörande Dokument,
Associated Document Type,Tillhörande DocType,
Attach Proof,Bifoga Verifikat,
Attachments,Bilagor,
Attendance,Närvaro,
Attendance Date,Närvaro Datum,
Attendance From Date,Närvaro Från Datum,
Attendance Marked,Närvaro Angiven,
Attendance Request,Närvaro Begäran,
Attendance Settings,Närvaro Inställningar,
Attendance To Date,Närvaro Till Datum,
Attendance will be marked automatically only after this date.,Närvaro kommer att väljas automatiskt först efter detta datum.,
Attendees,Deltagare,
Auto Attendance Settings,Automatiska Närvaro Inställningar,
Auto Leave Encashment,Automatiskt Frånvaro Uttag,
Automated Based on Goal Progress,Automatiskt Baserad på Mål Framsteg,
"Automatically fetches all assets allocated to the employee, if any","Automatiskt hämtar alla tillgångar som tilldelats till vald personal, om några",
Automatically update Last Sync of Checkin,Uppdatera automatiskt senaste synkronisering av Stämpling,
Available Leave(s),Tillgänglig Frånvaro,
Average Feedback Score,Genomsnittlig Återkoppling Resultat,
Average Rating,Genomsnittlig Betyg,
"Average of Goal Score, Feedback Score, and Self Appraisal Score (out of 5)","Genomsnitt av Mål Resultat, Återkoppling Resultat och Självbedömning Resultat (av 5 möjliga)",
Awaiting Response,Inväntar Svar,
Bank Account,Bank Konto,
Bank Account No,Bank Konto Nummer,
Bank Details,Bank Detaljer,
Bank Name,Bank Namn,
Bank Remittance,Bank Överföring,
Base,Bas,
Base & Variable, Bas & Variabel,
Begin On (Days),Starta (Dagar),
Begin check-in before shift start time (in minutes),Starta Instämpling före Skift Start Tid (Minuter),
Beginner,Nybörjare,
Benefits,Förmåner,
Bimonthly,Varannan Månad,
Birthdays,Födelsedag,
Block Date,Spärra Datum,
Block Days,Spärra Dagar,
Block Holidays on important days.,Spärra helger på viktiga dagar.,
Blue,Blå,
Body,Huvudtext,
Bonus,Bonus,
Bonus Amount,Bonus Belopp,
Bonus Payment Date,Bonus Betalning Datum,
Branch,Bransch,
Bulk Salary Structure Assignment,Löneart Masstilldelning,
"By default, the Final Score is calculated as the average of Goal Score, Feedback Score, and Self Appraisal Score. Enable this to set a different formula","Som standard beräknas slut resultat som genomsnitt av mål resultat, återkoppling resultat och själv bedömning resultat. Aktivera detta för att ange en annan formel",
CTC,Årslön,
Calculate Final Score based on Formula,Beräkna slutresultat baserat på formel,
Calculate Gratuity Amount Based On,Beräkna Belöning Belopp Baserat På,
Calculate Payroll Working Days Based On,Beräkna Löne Dagar Baserat På,
Calculated in days,Beräknad (i Dagar),
Cancelled,Annullerad,
Carry Forward,Vidarebefodra,
Carry Forwarded Leaves,Vidarebefordra Frånvaro,
Cause of Grievance,Klagomål Orsak,
Change,Ändra,
Check Vacancies On Job Offer Creation,Kontrollera Lediga Jobb vid skapande av Jobb Erbjudande,
Check-in Date,Incheckning Datum,
Check-out Date,Utcheckning Datum,
Checkin Radius,Stämpling Radie,
Claim Benefit For,Förmån för,
Claim Date,Anspråk Datum,
Claimed,Begärd,
Claimed Amount,Begärd Belopp,
Clearance Date,Bokföring Datum,
Cleared,Avklarad,
Closed,Stängd,
Closed On,Stängd Datum,
Closes On,Stängning Datum,
Closing Notes,Avslutande Anteckningar,
Color,Färg,
Comments,Kommentarer,
Company,Bolag,
Company Details,Bolag Detaljer,
Compensatory Leave Request,Kompensation Frånvaro Begäran,
Completed,Klar,
Completed On,Slutförd,
Component,Komponent,
Component properties and references ,Komponent Egenskaper och Referenser,
Condition,Villkor,
Condition & Formula,Villkor & Formel,
Condition and formula,Villkor och Formel,
Conditions,Villkor,
Conditions and Formula variable and example,Villkor och Formel variabel och exempel,
Conference,Konferens,
Connections,Anslutningar,
Consider Marked Attendance on Holidays,Inkludera Närvaro under Helger,
Consider Unmarked Attendance As,Inkludera Ej Registrerad Närvaro som,
Contact Email,Kontakt E-post,
Contact No.,Avtal Nummer,
Contact Number,Kontakt Nummer,
Copy of Invitation/Announcement,Kopia av Inbjudan / Tillkännagivande,
Cost,Kostnad,
Cost Center,Resultat Enheter,
Cost Centers,Resultat Enheter,
Costing,Kostnad,
Costing Details,Kostnad Detaljer,
Country,Land,
Course,Utbildning,
Cover Letter,Personlig Brev,
Create New Employee Id,Skapa Ny Personal,
Create Separate Payment Entry Against Benefit Claim,Skapa Separat Betalning Post mot Förmån Krav,
Create Shifts After,Skapa Skift Efter,
Criteria,Kriterier,
Criteria based on which employee should be rated in Performance Feedback and Self Appraisal,Kriterier baserade på vilken Personal som ska Bedömas i Prestation Återkoppling och Själv Bedömning,
Currency,Valuta,
Currency ,Valuta,
Current,Aktuell,
Current CTC,Aktuell Årslön (CTC),
Current Count,Aktuell Antal,
Current Employer ,Aktuell Arbetsgivare ,
Current Job Title,Aktuell Yrke,
Current Month Income Tax,Aktuell Månad Inkomst Skatt,
Current Odometer value ,Aktuell Vägmätare Värde ,
Current Openings,Aktuella Lediga Jobb,
Current Slab,Aktuell Tabell,
Current Work Experience,Aktuell Arbetsliv Erfarenhet,
Custom Range,Anpassat Intervall,
Cyan,Cyan,
Cycle Name,Utvärdering Cykel Namn,
Cycles,Cykler,
Daily,Dagsvis,
Daily Work Summary,Daglig Arbete Översikt,
Daily Work Summary Group,Daglig Arbete Översikt Grupp,
Daily Work Summary Group User,Daglig Arbete Översikt Grupp Användare,
Daily Work Summary Replies,Daglig Arbete Översikt Svar,
Dashboard,Översikt Panel,
Date,Datum,
Date ,Datum ,
Date of Birth,Födelsedag Datum,
Date of Joining,Anställning Datum,
Dates & Reason,Datum & Anledning,
Dates Based On,Datum Baserade På,
Declarations,Deklarationer,
Declared Amount,Deklarerad Belopp,
Deduct Full Tax on Selected Payroll Date,Dra Full Skatt på vald Lön Datum,
Deduct Tax For Unclaimed Employee Benefits,Dra av Skatt för ej uttagen Personal Förmån,
Deduct Tax For Unsubmitted Tax Exemption Proof,Dra av Skatt för ej godkänd skattebefrielse Verifikat,
Deduction,Avdrag,
Deductions,Avdrag,
Deductions before tax calculation,Avdrag före Skatt,
Default Account,Standard Konto,
Default Amount,Standard Belopp,
Default Bank / Cash account will be automatically updated in Salary Journal Entry when this mode is selected.,Standard Bank / Kassa Konto kommer att uppdateras automatiskt i Lön Journal Post när detta läge är valt.,
Default Base Pay,Standard Grund Lön,
Default Salary Structure,Standard Löneart,
Deferred Expense Account,Uppskjuten Kostnad Konto,
Delivery Trip,Leverans Rutt,
Department,Avdelning,
Department Approver,Avdelning Godkännare,
Departure Datetime,Avgång Datum och Tid,
Depends on Payment Days,Beror på Lönedagar,
Description,Beskrivning,
Description of a Job Opening,Beskrivning av ett Jobb Erbjudande,
Designation,Befattning,
Designation Skill,Befattning Färdighet,
Details,Detaljer,
"Details of Sponsor (Name, Location)","Sponsor Detaljer (Namn, Plats)",
Determine Check-in and Check-out,Stämpling baserat på,
Disable,Inaktivera,
Disable Rounded Total,Inaktivera Avrundad Totalt Belopp,
Disabled,Inaktiverad,
Dispensed Amount (Pro-rated),Tilldelad Belopp (Proportionell),
Do Not Include in Total,Inkludera inte i Totalt,
Do not include in total,Inkludera inte i Totalt,
Domestic,Inrikes,
Download Template,Ladda ner Mall,
Draft,Utkast,
Duration (Days),Varaktighet (Dagar),
Early Exit,Tidig Utstämpling,
Early Exit Grace Period,Tidig Utstämpling Anstånd Period,
Earned Leave,Intjänad Frånvaro,
Earned Leave Frequency,Intjänad Ledighet Intervall,
Earning,Inkomst,
Earning Component,Inkomst Komponent,
Earnings,Inkomst,
Earnings & Deductions,Inkomst & Avdrag,
Effective From,Gäller Från(Datum),
Effective To,Gäller Till(Datum),
Effective from,Gäller Från,
Email,E-post,
Email Address,E-postadress,
Email ID,E-post,
Email Salary Slip to Employee,E-posta Lönespecifikationer till Personal,
Email Sent To,E-post Skickad Till,
Email Template,E-post Mall,
Emails salary slip to employee based on preferred email selected in Employee,Skickar Lönespecifikation baserat på angiven e-post adress i Personal Inställningar,
Employee,Personal,
Employee Advance,Personal Förskott,
Employee Advance Summary,Personal Förskott Översikt,
Employee Attendance Tool,Närvaro Verktyg,
Employee Benefit Application,Förmån Ansökan,
Employee Benefit Application Detail,Förmån Ansökan Detalj,
Employee Benefit Claim,Förmån Anspråk,
Employee Benefits,Förmåner,
Employee Boarding Activity,Introduktion Aktivitet,
Employee Checkin,Stämpling,
Employee Cost Center,Resultat Enhet,
Employee Details,Detaljer,
Employee Emails,E-post,
Employee Exit Settings,Personal Avgång Inställningar,
Employee Exits,Avgångar,
Employee Feedback Criteria,Återkoppling Kriterier,
Employee Feedback Rating,Återkoppling Bedömning,
Employee Grade,Kvalificering,
Employee Grievance,Klagomål,
Employee Health Insurance,Sjukförsäkring,
Employee Image,Bild,
Employee Incentive,Motivation,
Employee Info,Information,
Employee Name,Namn,
Employee Naming By,Namngivning Efter,
Employee Number,Nummer,
Employee Onboarding,Introduktion,
Employee Onboarding Template,Introduktion Mall,
Employee Other Income,Andra Intäkter,
Employee Performance Feedback,Prestation Återkoppling,
Employee Promotion,Personal Befordran,
Employee Promotion Details,Befodran Detaljer,
Employee Property History,Egenskap Historik,
Employee Referral,Referens,
Employee Responsible ,Ansvarig Personal ,
Employee Retained,Personal Behållen,
Employee Separation,Avgång,
Employee Separation Template,Avgång Mall,
Employee Settings,Personal Inställningar,
Employee Skill,Färdighet,
Employee Skill Map,Färdighet Mapp,
Employee Skills,Färdigheter,
Employee Tax Exemption Category,Skatt Undantag Kategori,
Employee Tax Exemption Declaration,Skatt Undantag Deklaration,
Employee Tax Exemption Declaration Category,Skatt Undantag Deklaration Kategori,
Employee Tax Exemption Proof Submission,Skatt Undantag Verifikat Inlämning,
Employee Tax Exemption Proof Submission Detail,Skatt Undantag Verifikat Godkännande Detalj,
Employee Tax Exemption Sub Category,Skatt Undantag Underkategori,
Employee Training,Utbildning,
Employee Transfer,Personal Överföring,
Employee Transfer Detail,Överföring Detalj,
Employee Transfer Details,Överföring Detaljer,
Employee name,Personal Namn,
Employee records are created using the selected option,Personal poster skapas med valda alternativ,
Employees,Personal,
Employees HTML,Personal HTML,
Employees on Half Day HTML,Halvdag Personal HTML,
Employees working on a holiday,Helg Personal,
Employment Type,Personal Typ,
Enable Auto Attendance,Aktivera Automatisk Närvaro,
Enable Early Exit Marking,Aktivera Tidig Utstämpling Val,
Enable Late Entry Marking,Aktivera Sen Instämpling Val,
Enabled,Aktiverad,
Encashment,Uttag,
Encashment Amount,Uttagbar Belopp,
Encashment Date,Uttag Datum,
Encashment Days,Uttag Dagar,
Encrypt Salary Slips in Emails,Kryptera Lönespecifikationer i E-post,
End Date,Slut Datum,
End Time,Slut Tid,
Error Message,Fel Meddelande,
Estimated Cost Per Position,Uppskattad Kostnad per Position,
Evaluation Date,Utvärdering Datum,
Event Details,Händelse Detaljer,
Event Name,Händelse Namn,
Event Status,Händelse Status,
Every 2 Weeks,Varannan Vecka,
Every 3 Weeks,Var 3:e Vecka,
Every 4 Weeks,Var 4:e Vecka,
Every Valid Check-in and Check-out,Varje Giltig Stämpling,
Every Week,Varje Vecka,
Exam,Examen,
Exchange Rate,Växel Kurs,
Exempted from Income Tax,Undantagen från Inkomst Skatt,
Exemption Category,Undantag Kategori,
Exemption Proofs,Undantag Verifikat,
Exemption Sub Category,Undantag Underkategori,
Exit Confirmed,Avgång Bekräftad,
Exit Details,Avgång Detaljer,
Exit Interview,Avgång Intervju,
Exit Interview Summary,Avgång Intervju Översikt,
Exit Questionnaire,Avgång Frågeformulär,
Exit Questionnaire Notification Template,Avgång Frågeförmulär Avisering Mall,
Exit Questionnaire Web Form,Avgång Frågeförmulär Webbformulär,
Expected Average Rating,Förväntat Genomsnittlig Betyg,
Expected By,Förväntad Till,
Expected Compensation,Förväntad Ersättning,
Expected Skill Set,Förväntad Arbetsfärdighet,
Expected Skillset,Förväntad Färdighet,
Expense,Kostnad,
Expense Account,Kostnad Konto,
Expense Approver,Kostnad Godkännare,
Expense Approver Mandatory In Expense Claim,Kostnad Godkännare erfodras för Utlägg,
Expense Claim,Utlägg,
Expense Claim Account,Utlägg Konto,
Expense Claim Advance,Utlägg Förskott,
Expense Claim Detail,Utlägg Detalj,
Expense Claim Type,Utlägg Typ,
Expense Date,Kostnad Datum,
Expense Proof,Kostnad Verifikat,
Expense Taxes and Charges,Skatter och Avgifter,
Expense Type,Kostnad Typ,
Expenses,Kostnader,
Expenses & Advances,Kostnader & Förskott,
Expire Carry Forwarded Leaves (Days),Ta bort Vidarebefordrad Frånvaro (dagar),
Expired,Utgången,
Expired Leave(s),Utgången Frånvaro,
Explanation,Förklaring,
Failed,Misslyckad,
Failure Details,Misslyckande Detaljer,
Feedback,Återkoppling,
Feedback HTML,Återkoppling HTML,
Feedback Ratings,Återkoppling Bedömning,
Feedback Reminder Notification Template,Återkoppling Påminnelse Avisering Mall,
Feedback Submitted,Återkoppling Godkänd,
Fetch Geolocation,Hämta Geografisk Position,
Field Name,Fält Namn,
Filled,Fylld,
Filter Employees,Filtrera Personal,
Filter List,Filter Lista,
Filters,Filter,
Final Decision,Slutgiltig Beslut,
Final Score,Slutgiltig Resultat,
Final Score Formula,Slutlig Resutat Formel,
First Check-in and Last Check-out,Första Instämpling och Sista Utstämpling,
First Day,Första Dag,
First Name ,Förnamn,
Fleet Manager,Fordon Ansvarig,
Flexible Benefits,Flexibla Förmåner,
Flight,Flyg,
Follow via Email,Följ via E-post,
For Designation ,För Befattning,
For Employee,För Personal,
"For a day of leave taken, if you still pay (say) 50% of the daily salary, then enter 0.50 in this field.","För uttagen frånvaro dag, om du fortfarande betalar (säg) 50 % av dagslön, skriv då 0,50 i detta fält.",
Formula,Formel,
Fortnightly,Varannan Vecka,
Fraction of Applicable Earnings ,Bråkdel av Tillämpliga Inkomster ,
Fraction of Daily Salary for Half Day,Andel av Daglig Lön för Halvdag,
Fraction of Daily Salary per Leave,Andel Daglig Lön per Frånvaro,
Frappe Support,Frappe Support,
Frequency,Intervall,
From Amount,Från Belopp,
From Date,Från Datum,
From Employee,Från Personal,
From Time,Från Tid,
From User,Från Användare,
From(Year),Från (År),
Fuchsia,Fuchsia,
Fuel Price,Bränsle Pris,
Fuel Qty,Bränsle Kvantitet,
Full Name,Fullständig Namn,
Full and Final Asset,Slutlig Tillgång,
Full and Final Outstanding Statement,Utestående Avgång Avtal,
Full and Final Statement,Avgång Avtal,
Fully Sponsored,Helt Sponsrad,
Funded Amount,Finansierad Belopp,
Future Income Tax,Framtida Inkomst Skatt,
Geolocation,Geografisk Position,
Get Employees,Hämta Personal,
Get Job Requisitions,Hämta Jobb Rekvisitioner,
Get Template,Hämta Mall,
Gluten Free,Glutenfri,
Goal,Mål,
Goal Completion (%),Mål Framsteg (%),
Goal Score (%),Mål Resultat (%),
Goal Score (weighted),Mål Resultat (avvägd),
Goals,Mål,
Grade,Betyg,
Grand Total,Totalt Belopp,
Gratuity,Belöning,
Gratuity Applicable Component,Belöning Tillämplig Komponent,
Gratuity Rule,Belöningsregel,
Gratuity Rule Slab,Belöningsregel Tabell,
Green,Grön,
Grievance Against,Klagomål Mot,
Grievance Against Party,Klagomål mot Parti,
Grievance Details,Klagomål Detaljer,
Grievance Type,Klagomål Typ,
Gross Pay,Brutto Lön,
Gross Pay (Company Currency),Brutto Lön (Bolag Valuta),
Gross Year To Date,Brutto Lön Hittills i År,
Gross Year To Date(Company Currency),Brutto Lön Hittills i År (Bolag Valuta),
HR,Personal,
HR Manager,Personal Ansvarig,
HR Settings,Personal Inställningar,
HR User,Personal Användare,
Half Day,Halv Dag,
Half Day Date,Halv Dag Datum,
Half Day Marked Employee Header,Halvdag Vald Personal Rubrik,
Half Yearly,Halvår,
Half-Yearly,Halvår,
Has Certificate,Har Certifikat,
Health Insurance Name,Sjukförsäkring Namn,
Help,Hjälp,
Hiring Settings,Anställning Inställningar,
Hold,Spärra,
Holiday List,Helg Lista,
Holiday List for Optional Leave,Helg Lista för Valfri Frånvaro,
Holidays,Helg Dagar,
Horizontal Break,Horisontell Brytning,
Hour Rate,Timpris,
Hour Rate (Company Currency),Timpris (Bolag Valuta),
Hours,Timmar,
IN,IN,
Identification Document Number,Identifikation Handling Nummer,
Identification Document Type,Identifikation Handling,
"If checked, Payroll Payable will be booked against each employee","Om vald,kommer Lön Skuld bokföras per varje anställd",
"If checked, hides and disables Rounded Total field in Salary Slips","Om vald, döljs och inaktiveras fält Avrundat Totalt i Lönespecifikationer",
"If checked, the full amount will be deducted from taxable income before calculating income tax without any declaration or proof submission.","Om vald, kommer hela belopp dras av från beskattningsbar Inkomst före Inkomst Skatt beräkning utan någon förklaring eller underlag.",
"If enabled, Tax Exemption Declaration will be considered for income tax calculation.","Om vald, kommer skatt befrielse deklaration att övervägas för beräkning av inkomst skatt.",
"If enabled, auto attendance will be marked on holidays if Employee Checkins exist","Om vald, kommer automatisk närvaro att anges på helgdagar om det finns stämplingar för personal",
"If enabled, deducts payment days for absent attendance on holidays. By default, holidays are considered as paid","Om vald, dras betalning för lönedagar av för frånvaro på helgdagar. Som standard är helgdagar betalda",
"If enabled, the component will be considered as a tax component and the amount will be auto-calculated as per the configured income tax slabs","Om vald, kommer komponent att betraktas som skatt komponent och belopp kommer att automatiskt beräknas enligt konfigurerade inkomst skatt tabeller",
"If enabled, the component will be considered in the Income Tax Deductions report","Om vald, kommer komponent att beaktas i rapport för inkomst skatt avdrag",
"If enabled, the component will not be displayed in the salary slip if the amount is zero","Om vald, kommer komponent inte att visas i lönespecifikation om belopp är noll",
"If enabled, the total no. of applications received for this opening will be displayed on the website","Om aktiverat, total antal av ansökningar som tas emot för denna erbjudande kommer att visas på webbplats",
"If enabled, the value specified or calculated in this component will not contribute to the earnings or deductions. However, it's value can be referenced by other components that can be added or deducted. ",Om vald kommer värdet som anges eller beräknas i denna komponent inte att bidra till intäkter eller avdrag. Men dess värde kan refereras av andra komponenter som kan läggas till eller dras av.,
"If enabled, total no. of working days will include holidays, and this will reduce the value of Salary Per Day","Om vald, kommer totalt antal arbetsdagar att inkludera helgdagar, och detta kommer att minska värdet av lön per dag",
"If not checked, the list will have to be added to each Department where it has to be applied.","Om inte vald, måste lista läggas till varje avdelning där den ska tillämpas.",
"If selected, the value specified or calculated in this component will not contribute to the earnings or deductions. However, it's value can be referenced by other components that can be added or deducted. ","Om vald, kommer det angivna eller beräknade värdet i denna komponent inte att bidra till förtjänst eller avdrag. Men dess värde kan hänvisas till andra komponenter som kan läggas till eller dras av.",
"If set, the job opening will be closed automatically after this date","Om vald,jobb erbjudande stängs automatiskt efter detta datum",
Import Attendance,Importera Närvaro,
Import Log,Importera Logg,
In Process,Pågående,
In Progress,Pågående,
In Time,I Tid,
Inactive,Inaktiv,
Incentive,Motivation,
Incentive Amount,Motivation Belopp,
Include Holidays,Inkludera Helgdagar,
Include holidays in Total no. of Working Days,Inkludera Helger i Totalt Antal Arbetsdagar,
Include holidays within leaves as leaves,Inkludera helgdagar inom frånvaro som frånvaro,
Income Source,Inkomst Källa,
Income Tax Breakup,Inkomst Skatt Uppdelning,
Income Tax Computation,Inkomst Skatt Beräkning,
Income Tax Deducted Till Date,Inkomstskatt Avdragen till Datum,
Income Tax Deductions,Inkomst Skatt Avdrag,
Income Tax Slab,Inkomst Skatt Tabell,
Income Tax Slab Other Charges,Inkomst Skatt Tabell Övriga Avgifter,
Income from Other Sources,Inkomst från Andra Källor,
"Indicates the number of leaves that cannot be encashed from the leave balance. E.g. with a leave balance of 10 and 4 Non-Encashable Leaves, you can encash 6, while the remaining 4 can be carried forward or expired","Indikerar antal lediga dagar som inte kan tas ut från frånvaro saldo. T.ex. med frånvaro saldo på 10 och 4 ej uttagbara dagar, kan man ta ut 6, medan återstående 4 kan överföras eller förfaller",
Inspection,Kontroll,
Interest,Ränta,
Interest Amount,Ränte Belopp,
Interest Income Account,Ränte Intäkt Konto,
Intermediate,Mellanhand,
International,Utrikes,
Internet,Internet,
Interview,Intervju,
Interview Detail,Intevju Detalj,
Interview Details,Intevju Detaljer,
Interview Feedback,Intervju Återkoppling,
Interview Reminder Notification Template,Intervju Påminnelse Avisering Mall,
Interview Round,Intervju Omgång,
Interview Summary,Intervju Översikt,
Interview Type,Intervju Typ,
Interviewer,Intervjuare,
Interviewers,Intervjuare,
Introduction,Introduktion,
Invalid,Ogiltig,
Investigated,Undersökt,
Investigation Details,Utredning Detaljer,
Invited,Inbjuden,
Invoice Ref,Faktura Referens,
Is Active,Är Aktiv,
Is Applicable for Referral Bonus,Är Tillämplig för Referens Bonus,
Is Carry Forward,Är Vidarebefodrad,
Is Compensatory,Är Kompensation,
Is Default,Är Standard,
Is Earned Leave,Är Intjänad Frånvaro,
Is Expired,Är Förfallen,
Is Flexible Benefit,Är Flexibel Förmån,
Is Group,Är Grupp,
Is Income Tax Component,Är Inkomst Skatt Komponent,
Is Leave Without Pay,Är Obetald Ledighet,
Is Mandatory,Är Erfordrad,
Is Optional Leave,Är Valfri Frånvaro,
Is Paid,Är Betald,
Is Partially Paid Leave,Är Delvis Betald Frånvaro,
Is Recurring,Är Återkommande,
Is Recurring Additional Salary,Är Återkommande Extra Lön,
Is Salary Released,Är Lön Släppt,
Is Salary Withheld,Är Lön Kvarhållen,
Is Tax Applicable,Är Skatt Tillämplig,
Job Applicant,Jobb Sökande,
Job Applicant Source,Jobb Sökande Källa,
Job Application Route,Jobb Erbjudande Sökväg,
Job Description,Jobb Beskrivning,
Job Offer,Jobb Erbjudande,
Job Offer Term,Jobb Erbjudande Villkor,
Job Offer Term Template,Jobb Erbjudande Villkor Mall,
Job Offer Terms,Jobb Erbjudande Villkor,
Job Opening,Jobb Erbjudande,
Job Requisition,Jobb Annons,
Job Title,Jobb Benämning,
"Job profile, qualifications required etc.","Jobb profil, kvalifikationer som erfodras osv.",
Joining Date,Anställning Datum,
Journal Entry,Journal Post,
KRA,Nyckel Prestation Område,
KRA Evaluation Method,Nyckel Prestation Område Evaluering Sätt,
KRA vs Goals,Nyckel Prestation Område mot Mål,
KRAs,Nyckel Prestation Områden,
Key Performance Area,Nyckel Prestanda Område,
Key Responsibility Area,Nyckel Ansvar Område,
Key Result Area,Nyckel Resultat Område,
Keyboard Shortcuts,Kort Kommando,
Last Day,Sista Dag,
Last Known Successful Sync of Employee Checkin. Reset this only if you are sure that all Logs are synced from all the locations. Please don't modify this if you are unsure.,Senast känd lyckad synkronisering av Personal Stämplingar. Återställ detta endast om du är säker på att alla loggar är synkroniserade från alla platser. Ändra inte detta om du är osäker.,
Last Name,Efternamn,
Last Odometer Value ,Senaste Odometer Värde ,
Last Sync of Checkin,Senaste Synkronisering av Stämplingar,
Late Entry,Sen Instämpling,
Late Entry & Early Exit Settings for Auto Attendance,Sen Instämpling & Tidig Utstämpling för Automatiskt Närvaro,
Late Entry Grace Period,Sen Instämpling Anstånd Period,
Latitude,Latitud,
Leave,Frånvaro,
Leave Allocation,Frånvaro Tilldelning,
Leave Allocations,Frånvaro Tilldelningar,
Leave Application,Skapa Frånvaro Ansökan,
Leave Approval Notification Template,Frånvaro Godkännande Avisering Mall,
Leave Approver,Ledighet Godkännare,
Leave Approver Mandatory In Leave Application,Frånvaro Godkännare Erfordras i Frånvaro Ansökan,
Leave Approver Name,Frånvaro Godkännare Namn,
Leave Balance,Frånvaro Saldo,
Leave Balance Before Application,Frånvaro Saldo Före Ansökan,
Leave Block List,Frånvaro Spärr Lista,
Leave Block List Allow,Frånvaro Spärr Lista Tillåt,
Leave Block List Allowed,Frånvaro Spärr Lista Tillåtna Användare,
Leave Block List Date,Frånvaro Spärr Lista Datum,
Leave Block List Dates,Frånvaro Spärr Lista Datum,
Leave Block List Name,Frånvaro Spärr Lista Namn,
Leave Control Panel,Frånvaro Översikt Panel,
Leave Details,Frånvaro Detaljer,
Leave Encashment,Frånvaro Uttag,
Leave Encashment Amount Per Day,Frånvaro Uttag Belopp per dag,
Leave Ledger,Frånvaro Register,
Leave Ledger Entry,Frånvaro Register Post,
Leave Period,Frånvaro Period,
Leave Policy,Frånvaro Princip,
Leave Policy Assignment,Frånvaro Tilldelning Princip,
Leave Policy Detail,Frånvaro Princip Detalj,
Leave Policy Details,Frånvaro Princip Detaljer,
Leave Status Notification Template,Frånvaro Status Avisering Mall,
Leave Type,Frånvaro Typ,
Leave Type Name,Frånvaro Typ Namn,
Leave Without Pay,Obetald Frånvaro,
Leave and Expense Claim Settings,Frånvaro och Utgift Inställningar,
Leave(s) Pending Approval,Frånvaro som väntar på Godkännande,
Leaves,Frånvaro,
Leaves Allocated,Frånvaro Tilldelad,
Left,Slutat,
Letter Head,Brevhuvud,
Level,Nivå,
License Plate,Registrering Nummer,
Lime,Lime,
Link the cycle and tag KRA to your goal to update the appraisal's goal score based on the goal progress,Länka cykeln och tagga Nyckel Prestation Område till ditt mål för att uppdatera utvärdering mål poäng baserat på mål framsteg,
Loan,Lån,
Loan Account,Lån Konto,
Loan Product,Lån Artikel,
Loan Repayment Entry,Lån Återbetalning Post,
Location,Plats,
Location / Device ID,Plats/Enhet,
Location Name,Plats Namn,
Lodging Required,Logi Erfodras,
Log Type,Typ,
Log out,Logga Ut,
Longitude,Longitud,
Lower Range,Nedre Intervall,
Make,Märke,
Manual,Manuell,
Manual Rating,Manuellt Bedömning,
Mark Auto Attendance on Holidays,Aktivera Automatisk Närvaro under Helger,
Mark attendance based on 'Employee Checkin' for Employees assigned to this shift.,Ange närvaro baserat på 'Personal Stämplingar' för Personal som tilldelats detta skift.,
Marked Attendance,Angiven Närvaro,
Marked Attendance HTML,Angiven Närvaro HTML,
Max Amount Eligible,Maximal Belopp Berättigad,
Max Benefit Amount,Maximum Förmån Belopp,
Max Benefit Amount (Yearly),Maximum Förmån Belopp (Årlig),
Max Benefits (Amount),Maximum Förmåner (belopp),
Max Benefits (Yearly),Maximum Förmåner (Årlig),
Max Exemption Amount,Maximum Undantag Belopp,
Max Taxable Income,Maximum Beskattningsbar Inkomst,
Max working hours against Timesheet,Maximum Arbetstid mot Tidrapport,
Maximum Carry Forwarded Leaves,Maximum Vidarebefordrad Frånvaro,
Maximum Consecutive Leaves Allowed,Maximum Tillåten Frånvaro i Följd,
Maximum Encashable Leaves,Maximum Uttagbar Frånvaro,
Maximum Exempted Amount,Maximum Undantaget Belopp,
Maximum Exemption Amount,Maximum Undantag Belopp,
Maximum Leave Allocation Allowed per Leave Period,Maximalt Frånvaro Tilldelning tillåten per Frånvaro Period,
Maximum annual taxable income eligible for full tax relief. No tax is applied if income does not exceed this limit,Högsta årliga beskattningsbara inkomst som berättigar till full skattelättnad. Ingen skatt utgår om inkomsten inte överstiger denna gräns,
Meal Preference,Måltid Preferens,
Message,Meddelande,
Mileage,Miltal,
Min Taxable Income,Minimum Beskattningsbar Inkomst,
Minimum Year for Gratuity,Minimum antal år för Belöning,
Minimum working days required since Date of Joining to apply for this leave,Minimum antal arbetsdagar som erfordras sedan tillträde för att ansöka om denna frånvaro,
Mode Of Payment,Betalning Sätt,
Mode of Payment,Betalning Sätt,
Mode of Travel,Rese Sätt,
Model,Modell,
Month,Månad,
Month To Date,Månad Hitills,
Month To Date(Company Currency),Månad Hitills (Bolag Valuta),
Monthly,Månadsvis,
Monthly Attendance Sheet,Närvaro Rapport per Månad,
More Info,Extra Information,
Name,Namn,
Name of Organizer,Arrangör,
Naming Series,Nummer Serie,
Net Pay,Netto Lön,
Net Pay (Company Currency),Netto Lön (Bolag Valuta),
Net Pay Info,Netto Lön,
New,Ny,
New Company,Ny Bolag,
New Employee ID,Ny Personal ID,
New Leaves Allocated,Ny Frånvaro Tilldelade,
New Leaves Allocated (In Days),Ny Frånvaro Tilldelad (i Dagar),
New shift assignments will be created after this date.,Nya skift tilldelningar kommer att skapas efter detta datum.,
No,Nej,
No of. Positions,Antal Positioner,
Non Diary,Ej Mejeri,
Non Taxable Earnings,Ej Beskattningbara Inkomster,
Non-Encashable Leaves,Ej Uttagbar Frånvaro,
Non-Vegetarian,Ej Vegetarian,
Not Started,Ej Startad,
Note: Shift will not be overwritten in existing attendance records,Obs! Skift kommer inte att skrivas över i befintliga närvaro poster,
Notes,Anteckningar,
Notify users by email,Avisera Användare via E-post,
Number Of Employees,Personal Antal,
Number Of Positions,Antal Positioner,
Number of Withholding Cycles,Antal Kvarhållna Cykler,
Number of leaves eligible for encashment based on leave type settings,Antal Frånvaro som är berättigad till Uttag baserat på Frånvaro Typ Inställningar,
OUT,UT,
Obtained Average Rating,Erhållet medel Bedömning,
Odometer Reading,Vägmätare Avläsning,
Off-shift,Utanför Skift,
Offer Date,Erbjudande Datum,
Offer Term,Erbjudande Villkor,
Offer Terms,Erbjudande Villkor,
Old Parent,Tidigare Överordnad,
On Duty,Arbete,
On Hold,Spärrad,
On Leave,Frånvarande,
Onboarding Activities,Introduktion Aktiviteter,
Onboarding Begins On,Introduktion Börjar,
Only Tax Impact (Cannot Claim But Part of Taxable Income),Endast Skatt Påverkan (Kan Inte Kräva men Del av Skatt Pliktig Inkomst),
Open,Öppen,
Open & Approved,Öppen & Godkänd,
Opening Balances,Öppning Saldo,
Orange,Orange,
Organizational Chart,Organisatoriskt Diagram,
Other Details,Övriga Detaljer,
Other Settings,Övriga Inställningar,
Other Taxes and Charges,Övriga Skatter och Avgifter,
Out Time,Utgående Tid,
Out of 5,av 5 möjliga,
Overview,Översikt,
Overwrite Salary Structure Amount,Skriv över Löneart Belopp,
Owned,Ägare,
PWA Notification,Progressiv Webbapplikation Meddelande,
Paid,Betald,
Paid Amount,Att Betala,
Paid via Salary Slip,Betald via Lönespecifikation,
Parent Goal,Övergripande Mål,
"Partially Sponsored, Require Partial Funding","Delvis Sponsrad, Erfodrar Delfinansiering",
Partly Claimed and Returned,Delvis Begärd och Returnerad,
Passport Number,Id Handling Nummer,
Password Policy,Lösenord Regel,
Pay Against Benefit Claim,Betala mot Förmån Krav,
Pay Via Payment Entry,Betala via Betalning Post,
Pay via Salary Slip,Betala via Lönespecifikation,
Payable Account,Betalning Konto,
Payables,Skulder,
Payment Account,Betalning Konto,
Payment Days,Lönedagar,
Payment Days Calculation Help,Lönedagar Beräkning Hjälp,
Payment Entry,Kontering Post,
Payment and Accounting,Betalning och Bokföring,
Payroll,Lön,
Payroll Cost Centers,Lön Resultat Enhet,
Payroll Date,Lön Datum,
Payroll Employee Detail,Lön Detalj,
Payroll Entry,Lönepost,
Payroll Frequency,Löneintervall,
Payroll Info,Lön Info,
Payroll Payable Account,Löneutbetalning Konto,
Payroll Period,Löneperiod,
Payroll Period Date,Löneperiod Datum,
Payroll Periods,Löneperioder,
Payroll Settings,Lön Inställningar,
Pending,Pågående,
Pending (unpaid) amount from previous advances,Väntande (obetald) belopp från tidigare förskott,
Pending Amount,Utestående Belopp,
Percent,Procent,
Percent Deduction,Procent Avdrag,
Percentage (%),Procent (%),
Phone Number,Telefon Nummer,
Pink,Rosa,
Planned number of Positions,Planerad antal Positioner,
Posted On,Datum,
Posting Date,Registrering Datum,
Posting date,Registrering Datum,
Preferred Area for Lodging,Prioriterad Område för Logi,
Present,Närvarande,
Prevent self approval for leaves even if user has permissions,Förhindra självgodkännande för frånvaro även om användare har behörighet,
Principal Amount,Kapital Belopp,
Print Heading,Utskrift Rubrik,
Printing Details,Utskrift Detaljer,
Process Attendance After,Hämta Närvaro Efter,
Process Payroll Accounting Entry based on Employee,Behandla Lön Bokföring Post per Anställd,
Process Shift Requests,Behandla Skift Begäran,
Process leave encashment via a separate Payment Entry instead of Salary Slip,Behandla frånvaro uttag via separat Betalning Post istället för Lönespecifikation,
Professional Tax Deductions,Professionell Moms Avdrag,
Proficiency,Skicklighet,
Progress,Framsteg,
Project,Projekt,
Promotion Date,Befordran Datum,
Property,Egenskap,
Provident Fund Deductions,Försäkring Fond Avdrag,
Publish Applications Received,Publicera Mottagna Ansökningar,
Publish Salary Range,Publicera Löneintervall,
Publish on website,Publicera på Webbplats,
Purpose,Anledning,
Purpose & Amount,Syfte & Belopp,
Purpose of Travel,Reseanledning,
Quarterly,Kvartalsvis,
Questionnaire Email Sent,Frågeformulär E-post Skickat,
Queued,I Kö,
Quick Filters,Snabb Filter,
Radius within which check-in is allowed (in meters),Radie inom vilken stämpling är tillåten (i meter),
Raised By,Initierad Av,
Rate,Pris,
Rate Goals Manually,Bedöm Mål Manuellt,
Rating,Bedömning,
Rating Criteria,Bedömning Kriterier,
Ratings,Bedömningar,
Re-allocate Leaves,Omfördela Frånvaro,
Read,Läsa,
Reason,Anledning,
Reason for Requesting,Anledning till Förfråga,
Reason for Withholding Salary,Anledning till Kvarhållande av Lön,
Receivables,Fordringar,
Recommended for a single biometric device / checkins via mobile app,Rekommenderas för en biometrisk enhet / stämplingar via mobilapp,
Recover Cost,Återställning Kostnad,
Recruitment Analytics,Rekrytering Analys,
Red,Röd,
Reference,Referens,
Reference Document,Referens Dokument,
Reference Document Name,Referens Dokument Namn,
Reference Document Type,Referens Dokument Typ,
References,Referenser,
Referral Bonus Payment Status,Hänvisning Bonus Betalning Status,
Referral Details,Refererande Detaljer,
Referrer,Referens,
Referrer Details,Referens Detaljer,
Referrer Name,Referens Namn,
Reflections,Reflektioner,
Refuelling Details,Bränsle Detaljer,
Reject,Avvisa,
Rejected,Avvisad,
Released,Släppt,
Relieving Date,Avgång Datum,
Relieving Date ,Avgång Datum,
Reload,Ladda om,
Remaining Benefits (Yearly),Återstående Förmåner (Årlig),
Remark,Anmärkning,
Remarks,Anmärkningar,
Remind Before,Påminn Före,
Reminded,Påmind,
Reminder,Påminnelse,
Reminders,Påminnelser,
Remove if Zero Valued,Ta Bort om Värde är Noll,
Rented Car,Hyrbil,
Repay Unclaimed Amount from Salary,Återbetala Förskött Belopp från Lön,
Repeat On Days,Upprepa dessa Dagar,
Replied,Besvarad,
Reports To,Rapporterar Till,
Requested By,Begärd Av,
Requested By (Name),Begärd Av (Namn),
Require Full Funding,Erfodrar Full Finansiering,
Required for Employee Creation,Erfodras för Personal Skapande,
Resignation Letter Date,Avgång Brev Datum,
Resolution Date,Lösning Datum,
Resolution Details,Lösning Detaljer,
Resolved,Löst,
Resolved By,Löst av,
Restrict Backdated Leave Application,Begränsa Efterdaterad Frånvaro Ansökan,
Result,Resultat,
Resume,Återuppta,
Resume Attachment,Resume Bilaga,
Resume Link,Resume Länk,
Resume link,Resume Länk,
Retention Bonus,Bonus,
Retirement Age (In Years),Pensionsålder,
Return,Retur,
Returned,Retur,
Returned Amount,Returnerad Belopp,
Reviewer,Recensent,
Reviewer Name,Recensent Namn,
Revised CTC,Reviderad Årslön (CTC),
Right,Höger,
Role,Roll,
Role Allowed to Create Backdated Leave Application,Roll tillåten för att skapa Efterdaterad Frånvaro Ansökan,
Roster Color,Schemaläggning Färg,
Round Name,Omgång Namn,
Round off Work Experience,Avrunda Arbetsliv Erfarenhet,
Round to the Nearest Integer,Avrunda till Närmaste Heltal,
Rounded Total,Avrundad Totalt,
Rounded Total (Company Currency),Avrundat Totalt (Bolag Valuta),
Rounding,Avrundning,
Route,Sökväg,
Route to the custom Job Application Webform,Sökväg till anpassad Jobb Erbjudande Webförmulär,
Rules,Regler,
Salary,Lön,
Salary Component,Lönekomponent,
Salary Component ,Lönekomponent,
Salary Component Account,Lönekomponent Konto,
Salary Component Type,Lönekomponent Typ,
Salary Component for timesheet based payroll.,Lönekomponent för tidrapport baserad lön.,
Salary Currency,Lön Valuta,
Salary Detail,Lön Detalj,
Salary Details,Lön Detaljer,
Salary Expectation,Lön Förväntning,
Salary Paid Per,Löneintervall,
Salary Payments Based On Payment Mode,Lön Betalningar Baserat på Betalning Sätt,
Salary Payments via ECS,Lön Utbetalningar via ECS,
Salary Register,Löneregister,
Salary Slip,Lönespecifikation,
Salary Slip Based on Timesheet,Lönespecifikation Baserad på Tidrapport,
Salary Slip Leave,Lönespecifikation Frånvaro,
Salary Slip Loan,Lönespecifikation Lån,
Salary Slip Timesheet,Lönespecifikation Tidrapport,
Salary Slips Created,Lönespecifikationer Skapade,
Salary Slips Submitted,Lönespecifikationer Godkända,
Salary Structure,Löneart,
Salary Structure Assignment,Löneart Tilldelning,
Salary Withholding,Lön Innehållande,
Salary Withholding Cycle,Lön Kvarhållning Cykel,
Salary breakup based on Earning and Deduction.,Lön Uppdelning baserat på Inkomst och Avdrag.,
Salary components should be part of the Salary Structure.,Lönekomponenter ska vara en del av Löneart.,
Sanctioned Amount,Godkänd Belopp,
Scheduled,Schemalagd,
Scheduled On,Schemalagd Datum/Tid,
Score (0-5),Resultat (0-5),
Score Earned,Resultat Intjänad,
Select Employees,Välj Personal,
Select Payment Account to make Bank Entry,Välj Betalning Konto att skapa Bank Post,
Select Terms and Conditions,Välj Villkor,
Select Users,Välj Användare,
Select this if you want shift assignments to be automatically created indefinitely.,Välj detta för att skift tilldelningar ska skapas automatiskt på obestämd tid.,
Self Appraisal,Själv Bedömning,
Self-Study,Självlärd,
Seminar,Seminarium,
Send Emails At,Skicka E-post Vid,
Send Interview Feedback Reminder,Skicka Intervju Återkoppling Påminnelse,
Send Interview Reminder,Skicka Intervju Påminnelse,
Send Leave Notification,Skicka Frånvaro Meddelande,
Sender,Avsändare,
Sender Email,Avsändare E-post,
Sent,Skickad,
Separation Activities,Avgång Aktiviteter,
Separation Begins On,Avgång Datum,
Series,Nummer Serie,
Service,Service,
Service Details,Service Detaljer,
Service Item,Service Artikel,
Session Defaults,Session Inställningar,
"Set ""From(Year)"" and ""To(Year)"" to 0 for no upper and lower limit.","Ange ""Från (År)"" och ""Till(År)"" till 0 för ingen övre och nedre gräns.",
Set Assignment Details,Ange Tilldelning Detaljer,
Set Leave Details,Ange Frånvaro Detaljer,
Set filters to fetch employees,Ange filter att Hämta Personal,
Set opening balances for earnings and taxes from the previous employer,Ange öppning saldo för inkomster och skatter från tidigare arbetsgivare,
Set optional filters to fetch employees in the appraisee list,Ange filter (frivilligt) att söka personal för Bedömning.,
Set the frequency for holiday reminders,Ange Intervall för Helg Påminnelser ,
Set the properties that should be updated in the Employee master on promotion submission,Ange egenskaper som ska uppdateras i Personal Tabell vid befordran,
Settings,Inställningar,
Settled,Avstämd,
Shift,Skift,
Shift Actual End,Skift Faktisk Slut,
Shift Actual Start,Skift Faktisk Start,
Shift Assignment,Skift Tilldelning,
Shift Assignment Details,Skift Tilldelning Detaljer,
Shift Assignment Tool,Skift Tilldelning Verktyg,
Shift Attendance,Skift Närvaro,
Shift Details,Skift Detaljer,
Shift End,Shift Slut,
Shift Location,Skift Plats,
Shift Request,Skift Begäran,
Shift Request Filters,Skift Begäran Filter,
Shift Requests ending before this date will be excluded.,Skift Begäran som slutar före detta datum kommer att exkluderas.,
Shift Requests starting after this date will be excluded.,Skift Begäran som startar före detta datum kommer att exkluderas.,
Shift Schedule,Skift Schema,
Shift Schedule Assignment,Skift Schema Tilldelning,
Shift Settings,Skift Inställningar,
Shift Start,Skift Start,
Shift Status,Skiftstatus,
Shift Timings,Skift Tider,
Shift Type,Skift Typ,
Show Leave Balances in Salary Slip,Visa Frånvaro Saldo på Lönespecifikation,
Show Leaves Of All Department Members In Calendar,Visa Frånvaro för alla Avdelning Medlemmar på Kalender,
Skill,Färdighet,
Skill Assessment,Färdighet Bedömning,
Skill Name,Färdighet Namn,
Skills,Färdigheter,
Skip Auto Attendance,Hoppa över Automatisk Närvaro,
Slack,Slack,
Source,Källa,
Source Name,Käll Namn,
Source and Rating,Källa och Bedömning,
Sponsored Amount,Sponsrad Belopp,
Staffing Details,Bemanning Detaljer,
Staffing Plan,Bemanning Plan,
Staffing Plan Detail,Bemanning Plan Detalj,
Standard Tax Exemption Amount,Standard Skatt Dispans Belopp,
Standard Working Hours,Standard Arbets Timmar,
Start Date,Start Datum,
Start Time,Start Tid,
Statistical Component,Statistisk Komponent,
Status,Status,
Status for Other Half,Status för andra halvan,
Stop users from making Leave Applications on following days.,Tillåt inte Användare att skapa Frånvaro Ansökningar på följande dagar.,
Strictly based on Log Type in Employee Checkin,Strikt baserat på Logg Typ i Personal Stämplingar,
Subject,Ämne,
Submission Date,Godkännande Datum,
Submitted,Godkänd,
Sum of all previous slabs,Summa av alla tidigare tabeller,
Supplier,Leverantör,
System Health,System Status,
System Manager,System Ansvarig,
Take Exact Completed Years,Ta Exakta Fullbordade År,
Task,Uppgift,
Task Weight,Uppgift Prioritet,
Tax Deducted Till Date,Skatt Avdragen Till Datum,
Tax Exemption Category,Skatt Undantag Kategori,
Tax Exemption Declaration,Skattbefrielse Deklaration,
Tax Exemption Proofs,Skatt Undantag Verifikat,
Tax on additional salary,Skatt på Extra Lön,
Tax on flexible benefit,Skatt på Flexibel Förmån,
Taxable Earnings Till Date,Beskattningbar Inkomst Till Datum,
Taxable Income Relief Threshold Limit,Gräns för ej beskattningsbar inkomst,
Taxable Salary Slab,Skatt Tabell,
Taxable Salary Slabs,Skatt Tabeller,
Taxes & Charges,Skatter & Avgifter,
Taxes and Charges on Income Tax,Moms och Avgifter på Inkomst Skatt,
Taxi,Taxi,
Team Updates,Team Uppdateringar,
Template Name,Mall Namn,
Terms,Villkor,
Terms and Conditions,Regler och Villkor,
The date on which Salary Component with Amount will contribute for Earnings/Deduction in Salary Slip. ,Datum då Lönekomponent med Belopp kommer att bidra för Inkomst/Avdrag i Lönespecifikation. ,
The day of the month when leaves should be allocated,Dag i Månaden då frånvaro ska tilldelas,
The fraction of daily wages to be paid for half-day attendance,Bråkdel av dagslön som ska betalas för halvdags närvaro,
"The salary slip emailed to the employee will be password protected, the password will be generated based on the password policy.","Lönespecifikation skickad via e-post till Personal kommer att vara lösenordsskyddad, lösenord kommer att genereras baserat på lösenord regel.",
The time after the shift start time when check-in is considered as late (in minutes).,Tid efter Skift Start Tid när Instämpling beaktas som sen (minuter).,
The time before the shift end time when check-out is considered as early (in minutes).,Tid före Skift Slut Tid när Utstämpling betraktas som tidig (Minuter).,
The time before the shift start time during which Employee Check-in is considered for attendance.,Tiden före Skift Start tid under vilken Personal Stämpling anses vara Närvaro.,
Theory,Teori,
"These leaves are holidays permitted by the company however, availing it is optional for an Employee.","Dessa Frånvaro är helgdagar som är tillåtna av Bolaget, men att använda dem är valfri för Personal.",
Time,Tid,
Time Sheet,Tidrapport,
Time after the end of shift during which check-out is considered for attendance.,Tid efter Avslutad Skift under vilken Utstämpling anses vara Närvaro.,
Time taken to fill the open positions,Tid det tog att fylla öppna positioner,
Time to Fill,Tidsram,
Timelines,Tidsram,
Timesheet Details,Tidrapport Detaljer,
Title,Benämning,
To Amount,Till Belopp,
To Date,Till Datum,
To Time,Till Tid,
To User,Till Användare,
To(Year),Till (År),
Toggle Full Width,Växla Full Bredd,
Toggle Theme,Växla Tema,
Total,Totalt,
Total Actual Amount,Totalt Faktisk Belopp,
Total Advance Amount,Totalt Förskott Belopp,
Total Allocated Leave(s),Totalt Tilldelad Frånvaro,
Total Amount,Totalt Belopp,
Total Amount Reimbursed,Totalt Belopp Återbetald,
Total Asset Recovery Cost,Totalt Återställning Kostnad för Tillgångar,
Total Claimed Amount,Totalt Fordrad Belopp,
Total Declared Amount,Totalt Deklarerad Belopp,
Total Deduction,Totalt Avdrag,
Total Deduction (Company Currency),Totalt Avdrag (Bolag Valuta),
Total Earning,Total Inkomst,
Total Earnings,Totala Inkomster,
Total Estimated Budget,Totalt Uppskattad Budget,
Total Estimated Cost,Totalt Uppskattad Kostnad,
Total Exemption Amount,Totalt Undantag Belopp,
Total Goal Score,Totalt Mål Resultat,
Total Income Tax,Totalt Inkomst Skatt,
Total Leave Days,Totalt Frånvaro Dagar,
Total Leaves Allocated,Totalt Tilldelad Frånvaro,
Total Leaves Encashed,Totalt Uttagen Frånvaro,
Total Payable Amount,Totalt Betalt Belopp,
Total Payment,Totalt Betalning,
Total Receivable Amount,Totalt Fordring Belopp,
Total Sanctioned Amount,Beviljad Belopp,
Total Score,Totalt Resultat,
Total Self Score,Totalt Själv Resultat,
Total Taxes and Charges,Totalt Moms och Avgifter,
Total Working Hours,Totalt Arbetstid,
Total in words,Totalt i Ord,
Total in words (Company Currency),Totalt I Ord (Bolag Valuta),
Total salary booked against this component for this employee from the beginning of the year (payroll period or fiscal year) up to the current salary slip's end date.,Totalt lön bokförd mot denna komponent för denna personal från början av året (löneperiod eller bokföringsår) fram till aktuell lönespecifikation slutdatum.,
Total salary booked for this employee from the beginning of the month up to the current salary slip's end date.,Totalt lön bokförd för personal från början av månaden fram till aktuell lönespecifikation slutdatum.,
Total salary booked for this employee from the beginning of the year (payroll period or fiscal year) up to the current salary slip's end date.,Totalt lön bokförd för denna personal från början av året (löneperiod eller bokföringsår) fram till aktuell lönespecifikation slutdatum.,
Total working Days Per Year,Totalt antal Arbetsdagar per År,
Totals,Totalt,
Train,Tåg,
Trainer Email,Utbildarens E-post,
Trainer Name,Utbildarens Namn,
Training,Utbildning,
Training Date,Utbildning Datum,
Training Event,Utbildning Händelse,
Training Event Employee,Utbildning Händelse Personal,
Training Feedback,Utbildning Återkoppling,
Training Program,Utbildning Program,
Training Result,Utbildning Resultat,
Training Result Employee,Utbildning Resultat Personal,
Trainings,Utbildning,
Transaction Date,Transaktion Datum,
Transaction Name,Transaktion Namn,
Transaction Type,Transaktion Typ,
Transfer Date,Överföring Datum,
Travel Advance Required,Rese Förskott Erfodras,
Travel From,Resa Från,
Travel Funding,Resefinansiering,
Travel Itinerary,Reseplan,
Travel Request,Resebegäran,
Travel Request Costing,Resebegäran Kostnad,
Travel To,Resa Till,
Travel Type,Resetyp,
Type,Typ,
Type of Proof,Typ av Verifikat,
Unclaimed Amount,Oanvänd Belopp,
Under Review,Under Recension,
Unlink Payment,Ta bort länk till betalning,
Unmarked Employee Header,Ej Angiven Personal Rubrik,
Unmarked Employees HTML,Ej Angiven Personal HTML,
Unmarked days,Oanmälda Dagar,
Unpaid,Obetald,
Unpaid Expense Claim,Obetald Utlägg,
Unsettled,Oavgjort,
Unused leaves,Oanvänd Frånvaro,
Upload Attendance,Importera Närvaro,
Upload HTML,Ladda upp HTML,
Upper Range,Övre Intervall,
Used Leave(s),Använd Frånvaro,
User,Användare,
User Settings,Användare Inställningar,
Users,Användare,
Vacancies,Lediga Jobb,
Validate Attendance,Validera Närvaro,
Value / Description,Värde / Beskrivning,
Variable,Variabel,
Variable Based On Taxable Salary,Variabel baserad på Beskattningsbar Lön,
Vegetarian,Vegetarian,
Vehicle Log,Fordon Logg,
Vehicle Service,Fordon Service,
Vehicle Service Item,Fordon Service Artikel,
View Website,Visa Webbplats,
Violet,Violett,
Weekly,Veckovis,
Weightage (%),Av Vikt (%),
"When set to 'Inactive', employees with conflicting active shifts will not be excluded.","När satt till 'Inaktiv', kommer personal med motstridiga aktiva skift inte att uteslutas.",
Why is this Candidate Qualified for this Position?,Varför är denna kandidat kvalificerad för denna position?,
Withheld,Kvarhållen,
Work Anniversaries ,Arbetsjubileum,
Work End Date,Arbete Slut Datum,
Work Experience Calculation Method,Arbetserfarenhet Beräkning Sätt,
Work From Date,Arbete Från Datum,
Work From Home,Hemarbete,
Work References,Erfarenhet,
Worked On Holiday,Arbete Under Helg,
Workflow State,Arbetsflöde Tillstånd,
Working Days,Arbetsdagar,
Working Days and Hours,Arbetsdagar och Tid,
Working Hours,Arbets Timmar,
Working Hours Calculation Based On,Arbetstid Beräkning baserat på,
Working Hours Threshold for Absent,Arbetstid Tröskel för Frånvarande,
Working Hours Threshold for Half Day,Arbetstider Tröskel för Halv dag,
Working hours below which Absent is marked. (Zero to disable),Arbetstid under vilken Frånvaro anges. (Noll att inaktivera),
Working hours below which Half Day is marked. (Zero to disable),Arbetstider under vilka Halvdag anges. (Noll att inaktivera),
Workshop,Verkstad,
Workspace Settings,Arbetsyta Inställningar,
Year,År,
Year To Date,Hittills i År,
Year To Date(Company Currency),Hittills i År (Bolag Valuta),
Yearly,Årsvis,
Yellow,Gul,
Yes,Ja,
email,E-post,
modify_half_day_status,ändra_halvdags_status,
